Wavelength[nm],Intensity[normalized],Phase[rad]
450.17,-0.00210787,-0.88275406
450.63,-0.00259290,-0.80104869
451.09,-0.00309856,-0.72490864
451.55,-0.00316065,-0.65387305
452.01,-0.00242683,-0.58845749
452.47,-0.00131673,-0.52771255
452.93,-0.00101819,-0.47215351
453.39,-0.00136698,-0.42180722
453.85,-0.00146182,-0.37621214
454.31,-0.00164527,-0.33588311
454.77,-0.00266145,-0.30084659
455.23,-0.00398939,-0.27064060
455.69,-0.00460175,-0.24529132
456.15,-0.00441068,-0.22482477
456.61,-0.00404499,-0.20975515
457.07,-0.00366976,-0.19961994
457.53,-0.00297649,-0.19395650
457.99,-0.00226097,-0.19327861
458.44,-0.00154426,-0.19809992
458.90,-0.00011420,-0.20746912
459.36,0.00124758,-0.22043476
459.82,0.00114989,-0.23751010
460.28,0.00028087,-0.25872001
460.74,-0.00020806,-0.28213609
461.20,-0.00010597,-0.30778295
461.66,0.00095275,-0.33519679
462.12,0.00272321,-0.36244883
462.58,0.00345249,-0.39005159
463.04,0.00269382,-0.41705263
463.50,0.00270250,-0.44347593
463.96,0.00400481,-0.46788051
464.42,0.00463278,-0.49029012
464.88,0.00439166,-0.51024011
465.34,0.00444345,-0.52677742
465.79,0.00516451,-0.53992545
466.25,0.00625535,-0.54775435
466.71,0.00722677,-0.55077554
467.17,0.00767536,-0.54901208
467.63,0.00722718,-0.54151032
468.09,0.00629311,-0.52585168
468.55,0.00547440,-0.50401197
469.01,0.00460269,-0.47699035
469.47,0.00388174,-0.44676241
469.93,0.00385731,-0.41237395
470.38,0.00482200,-0.37580035
470.84,0.00633034,-0.33706375
471.30,0.00698745,-0.29862758
471.76,0.00639838,-0.26002549
472.22,0.00582124,-0.22323242
472.68,0.00645345,-0.18827007
473.14,0.00835653,-0.15711316
473.60,0.01050116,-0.12929493
474.05,0.01197238,-0.10678987
474.51,0.01283069,-0.09010755
474.97,0.01342706,-0.07975743
475.43,0.01335308,-0.07624888
475.89,0.01192226,-0.08155599
476.35,0.01027653,-0.09814104
476.81,0.00965983,-0.12309511
477.26,0.00912210,-0.15595059
477.72,0.00849976,-0.19623977
478.18,0.00918529,-0.24593624
478.64,0.01120931,-0.30261897
479.10,0.01310031,-0.36435510
479.56,0.01419350,-0.43018825
480.01,0.01476328,-0.49769708
480.47,0.01481441,-0.56641330
480.93,0.01466986,-0.63489195
481.39,0.01504879,-0.70217624
481.85,0.01581275,-0.76682104
482.30,0.01670967,-0.82738109
482.76,0.01821295,-0.88289935
483.22,0.02003185,-0.93193037
483.68,0.02127172,-0.97400520
484.14,0.02204409,-1.00767823
484.60,0.02296831,-1.02906232
485.05,0.02406217,-1.04012967
485.51,0.02513135,-1.04089922
485.97,0.02599803,-1.03138984
486.43,0.02677508,-1.01113201
486.88,0.02767075,-0.97574991
487.34,0.02788060,-0.93112149
487.80,0.02729044,-0.87873012
488.26,0.02683172,-0.81908250
488.72,0.02638470,-0.75463837
489.17,0.02639531,-0.68541599
489.63,0.02736377,-0.61289835
490.09,0.02758320,-0.53905668
490.55,0.02687274,-0.46439723
491.00,0.02741221,-0.39040278
491.46,0.02945973,-0.31806770
491.92,0.03178511,-0.24887459
492.38,0.03387587,-0.18381766
492.83,0.03549064,-0.12389107
493.29,0.03636032,-0.07301855
493.75,0.03628127,-0.02926441
494.21,0.03597558,0.00686575
494.66,0.03687743,0.03535467
495.12,0.03841239,0.05520861
495.58,0.03914551,0.06201594
496.04,0.03964286,0.06015417
496.49,0.04050405,0.05058294
496.95,0.04076181,0.03475022
497.41,0.04009825,0.01361580
497.87,0.03998073,-0.01332533
498.32,0.04111307,-0.04413665
498.78,0.04243364,-0.07785816
499.24,0.04315501,-0.11426220
499.69,0.04377469,-0.15190033
500.15,0.04591985,-0.19005645
500.61,0.04987176,-0.22777025
501.06,0.05321029,-0.26456963
501.52,0.05421268,-0.29973829
501.98,0.05393429,-0.33231567
502.44,0.05391069,-0.36012049
502.89,0.05414195,-0.38414518
503.35,0.05418978,-0.40416143
503.81,0.05407210,-0.42018499
504.26,0.05431347,-0.43149909
504.72,0.05550773,-0.43494551
505.18,0.05709868,-0.43371362
505.63,0.05848392,-0.42830716
506.09,0.05996000,-0.41874153
506.55,0.06115870,-0.40552032
507.00,0.06148976,-0.38914707
507.46,0.06123543,-0.36939283
507.92,0.06050543,-0.34749343
508.37,0.05968210,-0.32297563
508.83,0.05996030,-0.29707512
509.29,0.06147648,-0.26980681
509.74,0.06294566,-0.24191799
510.20,0.06357152,-0.21269101
510.66,0.06378645,-0.18336130
511.11,0.06427165,-0.15345523
511.57,0.06537975,-0.12371981
512.02,0.06722873,-0.09392542
512.48,0.06971491,-0.06481895
512.94,0.07249439,-0.03665894
513.39,0.07496955,-0.00897144
513.85,0.07681637,0.01725272
514.31,0.07808619,0.04151105
514.76,0.07864419,0.06476597
515.22,0.07847599,0.08675925
515.67,0.07770158,0.10747687
516.13,0.07683767,0.12714902
516.59,0.07713458,0.14576178
517.04,0.07852099,0.16305720
517.50,0.07914785,0.17926562
517.95,0.07868860,0.19437332
518.41,0.07919804,0.20836666
518.87,0.08129930,0.22123203
519.32,0.08337308,0.23320003
519.78,0.08483908,0.24425718
520.23,0.08588003,0.25390178
520.69,0.08608319,0.26236460
521.14,0.08557511,0.26963234
521.60,0.08534722,0.27569174
522.06,0.08575313,0.28052962
522.51,0.08632241,0.28437697
522.97,0.08763129,0.28673244
523.42,0.08970090,0.28855957
523.88,0.09110447,0.28911297
524.33,0.09212042,0.28886801
524.79,0.09338748,0.28732354
525.25,0.09414706,0.28519920
525.70,0.09483179,0.28223810
526.16,0.09664609,0.27842753
526.61,0.09861242,0.27351073
527.07,0.09900535,0.26771925
527.52,0.09866886,0.26177298
527.98,0.09905619,0.25468289
528.43,0.09970058,0.24716896
528.89,0.10031505,0.23873054
529.34,0.10164633,0.22984361
529.80,0.10366227,0.22074002
530.25,0.10512049,0.21140757
530.71,0.10481059,0.20207823
531.16,0.10278151,0.19273989
531.62,0.10056006,0.18313634
532.07,0.09967679,0.17398800
532.53,0.09994082,0.16577119
532.98,0.10025469,0.15896228
533.44,0.10024075,0.15379354
533.89,0.10036559,0.15049731
534.35,0.10075656,0.14930597
534.80,0.10096770,0.15045195
535.26,0.10131971,0.15392358
535.71,0.10246818,0.16092994
536.17,0.10475982,0.17121534
536.62,0.10804649,0.18550068
537.08,0.11112575,0.20401862
537.53,0.11262037,0.22626947
537.99,0.11213564,0.25273012
538.44,0.11093525,0.28387754
538.90,0.11052036,0.31896801
539.35,0.11136357,0.36214069
539.81,0.11342392,0.40972228
540.26,0.11492275,0.46072509
540.72,0.11422665,0.51513800
541.17,0.11248456,0.57197342
541.62,0.11132015,0.63048791
542.08,0.11200217,0.69115878
542.53,0.11488315,0.75226615
542.99,0.11816402,0.81379914
543.44,0.12042771,0.87452622
543.90,0.12199760,0.93394833
544.35,0.12367851,0.99181058
544.80,0.12645880,1.04663745
545.26,0.13025022,1.09841827
545.71,0.13348943,1.14689831
546.17,0.13535977,1.19109043
546.62,0.13670736,1.23073997
547.08,0.13888967,1.26461575
547.53,0.14217928,1.28733624
547.98,0.14615318,1.30548284
548.44,0.15032760,1.31880107
548.89,0.15363366,1.32801302
549.35,0.15620787,1.33359671
549.80,0.15970884,1.33529778
550.25,0.16374003,1.33115292
550.71,0.16566580,1.32579064
551.16,0.16521493,1.31944499
551.62,0.16481242,1.31405902
552.07,0.16541938,1.31035514
552.52,0.16643347,1.30954407
552.98,0.16766752,1.31332484
553.43,0.16925385,1.32168755
553.88,0.17121192,1.33633132
554.34,0.17353871,1.35773461
554.79,0.17643952,1.38686419
555.25,0.17933016,1.42493101
555.70,0.18054191,1.48291171
556.15,0.17987466,1.55200755
556.61,0.17835876,1.62927920
557.06,0.17591462,1.71398465
557.51,0.17357484,1.80538193
557.97,0.17379504,1.90199667
558.42,0.17655520,2.01138775
558.87,0.17961952,2.12793050
559.33,0.18072638,2.24429129
559.78,0.17879395,2.35728692
560.23,0.17549416,2.46446666
560.69,0.17352722,2.56289153
561.14,0.17399664,2.64937843
561.59,0.17585966,2.72074432
562.05,0.17688206,2.77527102
562.50,0.17738640,2.80928728
562.95,0.17903821,2.82107500
563.41,0.18057549,2.80720713
563.86,0.18050927,2.76498908
564.31,0.17954581,2.67292746
564.76,0.17903071,2.54907971
565.22,0.17964231,2.39441346
565.67,0.18071348,2.20940808
566.12,0.18111315,1.99429884
566.58,0.18065610,1.74907691
567.03,0.18029335,1.45908504
567.48,0.18073313,1.12822073
567.93,0.18219212,0.77405337
568.39,0.18460348,0.40145706
568.84,0.18636480,0.01408526
569.29,0.18686395,-0.38318786
569.75,0.18756365,-0.78622051
570.20,0.18868154,-1.19062671
570.65,0.19008090,-1.59202048
571.10,0.19230591,-1.98625991
571.56,0.19543363,-2.36920310
572.01,0.19954937,-2.73621980
572.46,0.20447477,-3.08316802
572.91,0.20964886,-3.39662840
573.37,0.21428018,-3.67123819
573.82,0.21694532,-3.91701545
574.27,0.21764656,-4.13274777
574.72,0.21861837,-4.31673440
575.18,0.22075480,-4.46776285
575.63,0.22247275,-4.58413231
576.08,0.22272777,-4.64094861
576.53,0.22283405,-4.65799523
576.98,0.22457172,-4.64358106
577.44,0.22777733,-4.59991142
577.89,0.23096970,-4.52992402
578.34,0.23340570,-4.43582413
578.79,0.23649587,-4.32006113
579.25,0.24210568,-4.18459606
579.70,0.24895245,-4.03309896
580.15,0.25352247,-3.86777496
580.60,0.25477942,-3.69156161
581.05,0.25507446,-3.50739639
581.51,0.25655656,-3.31797267
581.96,0.25878934,-3.12866928
582.41,0.26004878,-2.94608575
582.86,0.26028300,-2.76437042
583.31,0.26091714,-2.58475166
583.76,0.26201798,-2.40870196
584.22,0.26307059,-2.23744963
584.67,0.26465798,-2.07271126
585.12,0.26642795,-1.92059792
585.57,0.26671353,-1.78307026
586.02,0.26504043,-1.65403227
586.47,0.26259515,-1.53324730
586.93,0.26080914,-1.42023450
587.38,0.26039189,-1.31524543
587.83,0.26066425,-1.21804336
588.28,0.25991545,-1.12912393
588.73,0.25775100,-1.04825033
589.18,0.25532703,-0.97469747
589.63,0.25339421,-0.90822847
590.09,0.25232296,-0.84885061
590.54,0.25190553,-0.79681524
590.99,0.25123371,-0.75090889
591.44,0.24938338,-0.71235942
591.89,0.24584738,-0.68092985
592.34,0.24184949,-0.65540661
592.79,0.23931533,-0.63506436
593.25,0.23882471,-0.61966605
593.70,0.23984995,-0.60897458
594.15,0.24154923,-0.60226456
594.60,0.24328391,-0.59978712
595.05,0.24434358,-0.60130509
595.50,0.24458207,-0.60584886
595.95,0.24532570,-0.61196051
596.40,0.24748363,-0.61989106
596.85,0.25010228,-0.62867084
597.30,0.25217032,-0.63757426
597.76,0.25399021,-0.64611987
598.21,0.25608458,-0.65284961
598.66,0.25804864,-0.65825855
599.11,0.25979745,-0.66186515
599.56,0.26276141,-0.66343199
600.01,0.26755718,-0.66247749
600.46,0.27309657,-0.65852004
600.91,0.27869056,-0.65083388
601.36,0.28328055,-0.63454281
601.81,0.28573809,-0.61380384
602.26,0.28748636,-0.58960011
602.71,0.29061841,-0.56218231
603.16,0.29519153,-0.53155697
603.61,0.30028266,-0.49773061
604.06,0.30582001,-0.46119800
604.51,0.31225449,-0.42098903
604.97,0.31871664,-0.37759843
605.42,0.32352519,-0.33249745
605.87,0.32730840,-0.28569250
606.32,0.33229643,-0.23767822
606.77,0.33829630,-0.18870511
607.22,0.34376367,-0.13951191
607.67,0.34858289,-0.09059321
608.12,0.35213464,-0.04244358
608.57,0.35308974,0.00493073
609.02,0.35224735,0.05152348
609.47,0.35153385,0.09708432
609.92,0.35145225,0.14087461
610.37,0.35116432,0.18337649
610.82,0.34991408,0.22360723
611.27,0.34792549,0.26009585
611.72,0.34594330,0.29332455
612.17,0.34410526,0.32426378
612.62,0.34167045,0.35266335
613.07,0.33845718,0.37876135
613.52,0.33531084,0.40230763
613.97,0.33231947,0.42329617
614.42,0.32886700,0.44147686
614.87,0.32558178,0.45708789
615.32,0.32284352,0.46987916
615.77,0.31918994,0.48033305
616.22,0.31401765,0.48819952
616.67,0.30819181,0.49347269
617.12,0.30236267,0.49614670
617.56,0.29664460,0.49645986
618.01,0.29067280,0.49342979
618.46,0.28444943,0.48705069
618.91,0.27840090,0.47853750
619.36,0.27268227,0.46764032
619.81,0.26743838,0.45484168
620.26,0.26335752,0.44038003
620.71,0.26116547,0.42449379
621.16,0.26040355,0.40693316
621.61,0.26031065,0.38744833
622.06,0.26049325,0.36676610
622.51,0.25955545,0.34536912
622.96,0.25618914,0.32325179
623.41,0.25158493,0.30138511
623.86,0.24796532,0.27927521
624.30,0.24573418,0.25740486
624.75,0.24375524,0.23674507
625.20,0.24178014,0.21729036
625.65,0.24147469,0.19976766
626.10,0.24317340,0.18343908
626.55,0.24467453,0.16854331
627.00,0.24514625,0.15531906
627.45,0.24548595,0.14400507
627.90,0.24623934,0.13459595
628.35,0.24777268,0.12708631
628.79,0.25018369,0.12440049
629.24,0.25318444,0.12458002
629.69,0.25633614,0.12713132
630.14,0.25889945,0.13131664
630.59,0.26130123,0.13761900
631.04,0.26498377,0.14554484
631.49,0.26996777,0.15484478
631.94,0.27493526,0.16600186
632.38,0.27840139,0.17827845
632.83,0.28019961,0.19191350
633.28,0.28222610,0.20665769
633.73,0.28576199,0.22177343
634.18,0.28907689,0.23774387
634.63,0.29057291,0.25407559
635.08,0.29145294,0.27051935
635.52,0.29254222,0.28682592
635.97,0.29354995,0.30250194
636.42,0.29511124,0.31680993
636.87,0.29695663,0.33096555
637.32,0.29728141,0.34471964
637.77,0.29526557,0.35806719
638.21,0.29083646,0.37075907
638.66,0.28488502,0.38327859
639.11,0.28071134,0.39513251
639.56,0.27998296,0.40607174
640.01,0.27938348,0.41560309
640.45,0.27574547,0.42445406
640.90,0.27040105,0.43310804
641.35,0.26583064,0.44107189
641.80,0.26213993,0.44858487
642.25,0.25822195,0.45564214
642.69,0.25360802,0.46248303
643.14,0.24903580,0.46885856
643.59,0.24578414,0.47525224
644.04,0.24354590,0.48141514
644.49,0.24067332,0.48758664
644.93,0.23667392,0.49327370
645.38,0.23213295,0.49895987
645.83,0.22715017,0.50439630
646.28,0.22196372,0.50957829
646.72,0.21755302,0.51450114
647.17,0.21413092,0.51940433
647.62,0.21160392,0.52477148
648.07,0.21038226,0.52937724
648.51,0.20973408,0.53419356
648.96,0.20835310,0.53897168
649.41,0.20628922,0.54321873
649.86,0.20455047,0.54766254
650.30,0.20343813,0.55156614
650.75,0.20232336,0.55541324
651.20,0.20090815,0.55919931
651.65,0.19920473,0.56267569
652.09,0.19704707,0.56559373
652.54,0.19476301,0.56868137
652.99,0.19349898,0.57144584
653.43,0.19350556,0.57388268
653.88,0.19353762,0.57623158
654.33,0.19356934,0.57799982
654.78,0.19526262,0.57967127
655.22,0.19913925,0.58075324
655.67,0.20328761,0.58148547
656.12,0.20508035,0.58186360
656.56,0.20446792,0.58212739
657.01,0.20374890,0.58227250
657.46,0.20413153,0.58205044
657.90,0.20512703,0.58218933
658.35,0.20579428,0.58170829
658.80,0.20590928,0.58157958
659.25,0.20629015,0.58131065
659.69,0.20739360,0.58114137
660.14,0.20858240,0.58082334
660.59,0.20923062,0.58059647
661.03,0.20951261,0.58045653
661.48,0.20980154,0.58064345
661.93,0.20960789,0.58090889
662.37,0.20836650,0.58124866
662.82,0.20765375,0.58214686
663.27,0.20887696,0.58335521
663.71,0.21040388,0.58486955
664.16,0.21054072,0.58668575
664.60,0.20871157,0.58879970
665.05,0.20432586,0.59096313
665.50,0.19875067,0.59366024
665.94,0.19505108,0.59664281
666.39,0.19378561,0.59990677
666.84,0.19291101,0.60369220
667.28,0.19153195,0.60775093
667.73,0.18972675,0.61232305
668.17,0.18815652,0.61691628
668.62,0.18788689,0.62201488
669.07,0.18809742,0.62761487
669.51,0.18738757,0.63322399
669.96,0.18519944,0.63908241
670.41,0.18154143,0.64543031
670.85,0.17769100,0.65226375
671.30,0.17557538,0.65982294
671.74,0.17549147,0.66737155
672.19,0.17595884,0.67514980
672.64,0.17634929,0.68315381
673.08,0.17689659,0.69137969
673.53,0.17740727,0.69957943
673.97,0.17766197,0.70750504
674.42,0.17796049,0.71564094
674.86,0.17864793,0.72373917
675.31,0.17926937,0.73179591
675.76,0.17937025,0.73956320
676.20,0.17907847,0.74728139
676.65,0.17894966,0.75470255
677.09,0.17968359,0.76133462
677.54,0.18114848,0.76766212
677.98,0.18240726,0.77343717
678.43,0.18321128,0.77841188
678.87,0.18519850,0.78258251
679.32,0.18963513,0.78570123
679.77,0.19480775,0.78727603
680.21,0.19840497,0.78827979
680.66,0.19995153,0.78822055
681.10,0.20066464,0.78733876
681.55,0.20228580,0.78563078
681.99,0.20547373,0.78309296
682.44,0.20986588,0.77947751
682.88,0.21420550,0.77526909
683.33,0.21701078,0.76997581
683.77,0.21836547,0.76237335
684.22,0.21961900,0.75441125
684.66,0.22196719,0.74535351
685.11,0.22547949,0.73568483
685.55,0.22901425,0.72564579
686.00,0.23176909,0.71498871
686.44,0.23360998,0.70395419
686.89,0.23452040,0.69229455
687.33,0.23512922,0.68049456
687.78,0.23593201,0.66903899
688.22,0.23659847,0.65743607
688.67,0.23683842,0.64568231
689.11,0.23700252,0.63401838
689.56,0.23740490,0.62219667
690.00,0.23757658,0.61070201
690.45,0.23739895,0.59879854
690.89,0.23779126,0.58745937
691.34,0.23872564,0.57594867
691.78,0.23872800,0.56475131
692.22,0.23822687,0.55459630
692.67,0.23876760,0.54450369
693.11,0.23967508,0.53471424
693.56,0.24026818,0.52546871
694.00,0.24128836,0.51627547
694.45,0.24275665,0.50713117
694.89,0.24330007,0.49827659
695.34,0.24232041,0.48946427
695.78,0.24062982,0.48117917
696.22,0.23873025,0.47292970
696.67,0.23713027,0.46471255
697.11,0.23647949,0.45676857
697.56,0.23670074,0.44885034
698.00,0.23777641,0.44119872
698.44,0.24012713,0.43356632
698.89,0.24328015,0.42619402
699.33,0.24667980,0.41907857
699.78,0.24992291,0.41197261
700.22,0.25151324,0.40487290
700.67,0.25198516,0.39777624
701.11,0.25420921,0.39067942
701.55,0.25862334,0.38382338
702.00,0.26334223,0.37696079
702.44,0.26747843,0.37008848
702.88,0.27161877,0.36344743
703.33,0.27551347,0.35679033
703.77,0.27739896,0.35035817
704.22,0.27728406,0.34390368
704.66,0.27722185,0.33766786
705.10,0.27843896,0.33140345
705.55,0.28042922,0.32583977
705.99,0.28184230,0.32097371
706.43,0.28267834,0.31606975
706.88,0.28393921,0.31112481
707.32,0.28592173,0.30589167
707.76,0.28857012,0.30061141
708.21,0.29095696,0.29503683
708.65,0.29102939,0.28916487
709.09,0.28856732,0.28323665
709.54,0.28657606,0.27676085
709.98,0.28751746,0.27046686
710.42,0.29079654,0.26459582
710.87,0.29433416,0.25767987
711.31,0.29535436,0.25044844
711.75,0.29193844,0.24192199
712.20,0.28606445,0.23234167
712.64,0.28088696,0.22170452
713.08,0.27623739,0.20951928
713.53,0.27112045,0.19578302
713.97,0.26643424,0.18049278
714.41,0.26291659,0.16340149
714.86,0.25990412,0.13864684
715.30,0.25682464,0.11208530
715.74,0.25426845,0.08371395
716.18,0.25278455,0.05401817
716.63,0.25145742,0.02299507
717.07,0.24906735,-0.00911410
717.51,0.24542034,-0.04206807
717.96,0.24133676,-0.07611386
718.40,0.23907766,-0.11076604
718.84,0.23930061,-0.14578332
719.28,0.23933760,-0.18336581
719.73,0.23831918,-0.22473706
720.17,0.23796302,-0.26550536
720.61,0.23892329,-0.30542938
721.05,0.24083390,-0.34402367
721.50,0.24267823,-0.38055859
721.94,0.24307056,-0.41454867
722.38,0.24218861,-0.44599669
722.82,0.24171867,-0.47368473
723.27,0.24300496,-0.49785970
723.71,0.24585901,-0.51754781
724.15,0.24839717,-0.52249790
724.59,0.24873342,-0.51808381
725.04,0.24702329,-0.50919110
725.48,0.24457173,-0.49606665
725.92,0.24236773,-0.47871317
726.36,0.24141125,-0.45762166
726.80,0.24138150,-0.43328312
727.25,0.24049689,-0.40570024
727.69,0.23846213,-0.37511987
728.13,0.23640781,-0.34178883
728.57,0.23484017,-0.30595393
729.01,0.23371725,-0.25956122
729.46,0.23319714,-0.20969343
729.90,0.23351350,-0.15928290
730.34,0.23476467,-0.10906471
730.78,0.23608879,-0.05928564
731.22,0.23581312,-0.01141317
731.67,0.23476916,0.03381766
732.11,0.23556757,0.07616008
732.55,0.23790565,0.11439079
732.99,0.23966015,0.14801889
733.43,0.23950924,0.17582108
733.87,0.23676479,0.17924008
734.32,0.23200298,0.17145691
734.76,0.22654142,0.15784009
735.20,0.22158003,0.13887532
735.64,0.21793629,0.11431591
736.08,0.21494053,0.08489173
736.52,0.21150720,0.05084436
736.97,0.20787928,0.01265954
737.41,0.20464504,-0.02942110
737.85,0.20163132,-0.07515597
738.29,0.19835503,-0.12405930
738.73,0.19445138,-0.18101640
739.17,0.18994522,-0.24383253
739.61,0.18502558,-0.30787150
740.05,0.17991234,-0.37313582
740.50,0.17558505,-0.43816311
740.94,0.17274752,-0.50271171
741.38,0.17066095,-0.56580754
741.82,0.16890845,-0.62672064
742.26,0.16887547,-0.68472103
742.70,0.17155109,-0.73907876
743.14,0.17520653,-0.78930797
743.58,0.17775150,-0.82857517
744.02,0.17851272,-0.84736131
744.46,0.17668636,-0.86056139
744.91,0.17250375,-0.86842195
745.35,0.16840731,-0.87143370
745.79,0.16695290,-0.86935490
746.23,0.16934497,-0.86292037
746.67,0.17429638,-0.85213249
747.11,0.17816938,-0.83674951
747.55,0.17793062,-0.81750623
747.99,0.17399946,-0.79440502
748.43,0.17104620,-0.76793652
748.87,0.17422569,-0.73517341
749.31,0.18268468,-0.69807116
749.75,0.18892643,-0.65858524
750.19,0.18650842,-0.61671798
750.63,0.17828078,-0.57271587
751.07,0.17565443,-0.52731365
751.51,0.18707703,-0.48075778
751.96,0.20767883,-0.43329471
752.40,0.22295561,-0.38517090
752.84,0.22220943,-0.33736520
753.28,0.20861737,-0.28963576
753.72,0.19835996,-0.24296145
754.16,0.20786497,-0.20271562
754.60,0.23759157,-0.16328534
755.04,0.27062027,-0.12540528
755.48,0.28691286,-0.08883357
755.92,0.27641390,-0.05381662
756.36,0.24611647,-0.02060080
756.80,0.21863273,0.01081163
757.24,0.21901765,0.04041844
757.68,0.25949143,0.06797325
758.12,0.33377336,0.09322969
758.56,0.42070959,0.11618554
759.00,0.49427244,0.13659445
759.44,0.53574351,0.15347765
759.88,0.53898148,0.16756534
760.32,0.50816043,0.17909948
760.76,0.45365409,0.18758959
761.20,0.38841820,0.19327763
761.64,0.32366979,0.19591728
762.07,0.26756413,0.19550636
762.51,0.22727239,0.19204271
762.95,0.20708335,0.18528001
763.39,0.20651420,0.17521612
763.83,0.22353129,0.16160474
764.27,0.25733464,0.14395545
764.71,0.30738523,0.12080126
765.15,0.37161304,0.09433731
765.59,0.44561491,0.06407318
766.03,0.52323293,0.03025089
766.47,0.59835497,-0.00688753
766.91,0.66255469,-0.04758834
767.35,0.70255386,-0.09160949
767.79,0.70954158,-0.13895310
768.23,0.68820007,-0.18986539
768.67,0.64965333,-0.24386018
769.10,0.60133910,-0.30167197
769.54,0.54593623,-0.36257041
769.98,0.48565874,-0.44364743
770.42,0.42493344,-0.52757110
770.86,0.36803639,-0.61312279
771.30,0.31771615,-0.70006040
771.74,0.27706127,-0.78740943
772.18,0.24791556,-0.87468365
772.62,0.22766019,-0.96115266
773.06,0.21168169,-1.04584195
773.49,0.19777921,-1.12850939
773.93,0.18580892,-1.20793632
774.37,0.17476552,-1.28388061
774.81,0.16266835,-1.35536772
775.25,0.14948064,-1.41629612
775.69,0.13760239,-1.46813268
776.13,0.12883694,-1.51429736
776.57,0.12278852,-1.55405972
777.00,0.11883295,-1.58742176
777.44,0.11768132,-1.61340889
777.88,0.11986242,-1.63226724
778.32,0.12567333,-1.64351049
778.76,0.13588529,-1.64665233
779.20,0.14958531,-1.64145058
779.63,0.16483627,-1.62717478
780.07,0.18193505,-1.60407101
780.51,0.20216018,-1.56945568
780.95,0.22567664,-1.49208073
781.39,0.25410467,-1.40563950
781.83,0.29053573,-1.31135462
782.26,0.33408341,-1.21020459
782.70,0.37798696,-1.10316788
783.14,0.41462527,-0.99097885
783.58,0.44492949,-0.87461595
784.02,0.48092502,-0.75530180
784.45,0.53301167,-0.63401486
784.89,0.60106842,-0.51148946
785.33,0.67924434,-0.38870404
785.77,0.75962917,-0.26663707
786.21,0.84178217,-0.15066150
786.64,0.92792039,-0.04785930
787.08,0.99205182,0.05202157
787.52,1.00000000,0.14849095
787.96,0.95492850,0.24130285
788.40,0.88242676,0.32972298
788.83,0.80690753,0.41326121
789.27,0.74486326,0.49215984
789.71,0.69398552,0.56519630
790.15,0.65305033,0.63236878
790.58,0.64462208,0.69343128
791.02,0.68097752,0.74764956
791.46,0.72606484,0.79453351
791.90,0.73201355,0.82773366
792.33,0.69413766,0.84041225
792.77,0.63420904,0.84550693
793.21,0.56445924,0.84326002
793.65,0.48998937,0.83391387
794.08,0.41353645,0.81771082
794.52,0.33699842,0.79489322
794.96,0.26775483,0.76570342
795.39,0.21552322,0.73038377
795.83,0.18385580,0.68917665
796.27,0.16760481,0.64256854
796.71,0.15791939,0.59031355
797.14,0.14766335,0.53314234
797.58,0.13416956,0.46885586
798.02,0.12092995,0.38988401
798.45,0.11451981,0.30696722
798.89,0.11650158,0.22059203
799.33,0.12053987,0.13173325
799.77,0.11939842,0.04112157
800.20,0.11328677,-0.05100061
800.64,0.11041208,-0.14365846
801.08,0.11871039,-0.23636542
801.51,0.13856144,-0.32814664
801.95,0.16408985,-0.41875972
802.39,0.18788977,-0.50722979
802.82,0.20650194,-0.59307029
803.26,0.22320875,-0.67530635
803.70,0.23887979,-0.73929124
804.13,0.24699230,-0.79503643
804.57,0.24693938,-0.84644985
805.01,0.24543193,-0.89377733
805.44,0.24101027,-0.93628814
805.88,0.22717939,-0.97471637
806.31,0.20614706,-1.00857542
806.75,0.18603968,-1.03786696
807.19,0.17291475,-1.06259265
807.62,0.17011421,-1.08251003
808.06,0.17755774,-1.09786487
808.50,0.18994435,-1.10841472
808.93,0.20025897,-1.11416120
809.37,0.20571674,-1.11168800
809.81,0.20966635,-1.09245183
810.24,0.21728689,-1.06914966
810.68,0.22971982,-1.04178311
811.11,0.24364926,-1.01059795
811.55,0.25544690,-0.97657238
811.99,0.26624206,-0.93995215
812.42,0.28071149,-0.90073887
812.86,0.29885463,-0.85991074
813.29,0.31515762,-0.81795764
813.73,0.32724415,-0.77463703
814.16,0.33818122,-0.73117122
814.60,0.35004111,-0.68756181
815.04,0.36152667,-0.64405453
815.47,0.37119877,-0.60821933
815.91,0.37898342,-0.58201092
816.34,0.38451608,-0.55688597
816.78,0.38534374,-0.53260190
817.21,0.37789519,-0.50940444
817.65,0.36134696,-0.48705102
818.09,0.33939966,-0.46529906
818.52,0.31772820,-0.44463841
818.96,0.30011092,-0.42433820
819.39,0.28669883,-0.40513241
819.83,0.27677721,-0.38629017
820.26,0.26950258,-0.36830131
820.70,0.26270372,-0.35067909
821.13,0.25606225,-0.33366920
821.57,0.25145152,-0.31629660
822.00,0.24979996,-0.29807455
822.44,0.25088941,-0.28046942
822.87,0.25329142,-0.26348274
823.31,0.25475329,-0.24662775
823.75,0.25438832,-0.23063838
824.18,0.25264851,-0.21502787
824.62,0.25002930,-0.19979773
825.05,0.24773169,-0.18519361
825.49,0.24853904,-0.17121701
825.92,0.25436538,-0.15786943
826.36,0.26352967,-0.14490822
826.79,0.27300272,-0.13282316
827.23,0.28095740,-0.12112746
827.66,0.28583664,-0.11006674
828.09,0.28696766,-0.09842179
828.53,0.28646252,-0.08741477
828.96,0.28626357,-0.07729131
829.40,0.28475506,-0.06805288
829.83,0.27955039,-0.05945680
830.27,0.27022849,-0.05199282
830.70,0.25812130,-0.04541826
831.14,0.24650593,-0.03997872
831.57,0.23800767,-0.03543151
832.01,0.23183619,-0.03202221
832.44,0.22650057,-0.02999642
832.88,0.22171337,-0.02886730
833.31,0.21685041,-0.02936870
833.74,0.21124985,-0.03101379
834.18,0.20555423,-0.03893095
834.61,0.20054314,-0.04994778
835.05,0.19560188,-0.06235672
835.48,0.19069296,-0.07567091
835.92,0.18744223,-0.08989177
836.35,0.18635541,-0.10502072
836.78,0.18653381,-0.12081503
837.22,0.18705884,-0.13703196
837.65,0.18637320,-0.15367292
838.09,0.18332482,-0.17049518
838.52,0.17874808,-0.18750013
838.95,0.17400195,-0.20420088
839.39,0.16947200,-0.22108711
839.82,0.16497124,-0.23742778
840.26,0.16046261,-0.25346843
840.69,0.15657875,-0.26310692
841.12,0.15406254,-0.27195985
841.56,0.15245907,-0.28027276
841.99,0.14995462,-0.28804700
842.43,0.14513838,-0.29528395
842.86,0.13897691,-0.30222912
843.29,0.13374040,-0.30863973
843.73,0.12973262,-0.31476127
844.16,0.12471815,-0.32059511
844.59,0.11752097,-0.32589845
845.03,0.11041809,-0.33116093
845.46,0.10576709,-0.33613976
845.89,0.10258318,-0.34083627
846.33,0.09927942,-0.34525180
846.76,0.09586335,-0.34963185
847.19,0.09223594,-0.35373359
847.63,0.08864613,-0.35780250
848.06,0.08586794,-0.36183990
848.49,0.08399216,-0.36584713
848.93,0.08325968,-0.36982551
849.36,0.08332549,-0.37377635
849.79,0.08252429,-0.37770096
850.23,0.08000326,-0.38184480
850.66,0.07685412,-0.38620919
851.09,0.07482600,-0.39055128
851.53,0.07446148,-0.39511652
851.96,0.07508328,-0.39990621
852.39,0.07592165,-0.40516579
852.82,0.07658596,-0.41040826
853.26,0.07600917,-0.41612321
853.69,0.07330957,-0.42524161
854.12,0.07035221,-0.43507919
854.56,0.06899489,-0.44539310
854.99,0.06894587,-0.45569634
855.42,0.06935486,-0.46623432
855.85,0.06907283,-0.47700831
856.29,0.06792424,-0.48753131
856.72,0.06734318,-0.49804871
857.15,0.06813888,-0.50856180
857.59,0.06950430,-0.51858354
858.02,0.07069560,-0.52884762
858.45,0.07190437,-0.53837873
858.88,0.07355943,-0.54766640
859.32,0.07574196,-0.55671189
859.75,0.07844355,-0.56527229
860.18,0.08154079,-0.57212816
860.61,0.08384637,-0.57679244
861.04,0.08502876,-0.58097537
861.48,0.08719708,-0.58467818
861.91,0.09143611,-0.58765796
862.34,0.09598326,-0.59016008
862.77,0.09893115,-0.59194163
863.21,0.10033000,-0.59324797
863.64,0.10186482,-0.59383619
864.07,0.10510770,-0.59419577
864.50,0.10994903,-0.59359553
864.93,0.11451528,-0.59276908
865.37,0.11785931,-0.59122937
865.80,0.12134974,-0.58897759
866.23,0.12555148,-0.58625909
866.66,0.13036606,-0.58307508
867.09,0.13602460,-0.57845019
867.53,0.14151059,-0.57287390
867.96,0.14610852,-0.56659155
868.39,0.14995687,-0.56009260
868.82,0.15308019,-0.55288996
869.25,0.15554050,-0.54547310
869.68,0.15736431,-0.53759906
870.12,0.15926563,-0.52951317
870.55,0.16238270,-0.52097245
870.98,0.16630464,-0.51246637
871.41,0.16958201,-0.50350782
871.84,0.17257682,-0.49458624
872.27,0.17617261,-0.48521453
872.70,0.17956377,-0.47588212
873.14,0.18233881,-0.46634604
873.57,0.18497032,-0.45709573
874.00,0.18776329,-0.44862063
874.43,0.19079146,-0.44067775
874.86,0.19320300,-0.43302409
875.29,0.19406146,-0.42517254
875.72,0.19409052,-0.41736836
876.16,0.19490970,-0.40961272
876.59,0.19695335,-0.40166260
877.02,0.19926203,-0.39376328
877.45,0.20067251,-0.38591591
877.88,0.20117375,-0.37812161
878.31,0.20211843,-0.37013738
878.74,0.20345723,-0.36220848
879.17,0.20309080,-0.35409190
879.60,0.20101628,-0.34603289
880.03,0.20005127,-0.33803259
880.46,0.20152814,-0.32984797
880.90,0.20368071,-0.32172428
881.33,0.20415558,-0.31439506
881.76,0.20214117,-0.30664072
882.19,0.19849221,-0.29895064
882.62,0.19608208,-0.29108180
883.05,0.19819797,-0.28303528
883.48,0.20388992,-0.27505635
883.91,0.20903814,-0.26665780
884.34,0.21163271,-0.25808488
884.77,0.21190323,-0.24933868
885.20,0.21113317,-0.24017615
885.63,0.21150149,-0.23084252
886.06,0.21397418,-0.22109473
886.49,0.21766951,-0.21117802
886.92,0.22197780,-0.20084931
887.35,0.22658022,-0.19035383
887.78,0.23017746,-0.17920437
888.21,0.23264701,-0.16569303
888.64,0.23529806,-0.15152985
889.07,0.23771051,-0.13671591
889.50,0.23883804,-0.12174056
889.93,0.23875860,-0.10636071
890.36,0.23760792,-0.09106572
890.79,0.23710029,-0.07512422
891.22,0.24007800,-0.05926969
891.65,0.24591926,-0.04301490
892.08,0.25216190,-0.02684919
892.51,0.25821646,-0.01052946
892.94,0.26359096,0.00594323
893.37,0.26732292,0.02256784
893.80,0.26955152,0.03885505
894.23,0.27148807,0.05529209
894.66,0.27269462,0.07163379
895.09,0.27170814,0.08787910
895.52,0.27090061,0.10256216
895.95,0.27390894,0.11690263
896.38,0.27959798,0.13114363
896.81,0.28328076,0.14528412
897.24,0.28330136,0.15932308
897.67,0.28334890,0.17325949
898.10,0.28531328,0.18709232
898.53,0.28551223,0.20057643
898.96,0.28220148,0.21419907
899.39,0.27824568,0.22771508
899.82,0.27509499,0.24112347
900.25,0.27205903,0.25417906
900.68,0.26908595,0.26761329
901.11,0.26671359,0.28044859
901.53,0.26495920,0.29341636
901.96,0.26333624,0.30651562
902.39,0.26183798,0.31925708
902.82,0.26112747,0.33286044
903.25,0.26134312,0.34659230
903.68,0.26048034,0.36020752
904.11,0.25599218,0.37370511
904.54,0.24775171,0.38683993
904.97,0.23811053,0.40009930
905.40,0.23012106,0.41299393
905.83,0.22401284,0.42576699
906.25,0.21782668,0.43817337
906.68,0.21277585,0.45045622
907.11,0.21054090,0.46237043
907.54,0.20859351,0.47415916
907.97,0.20498970,0.48557731
908.40,0.20118808,0.49662390
908.83,0.19841040,0.50729798
909.25,0.19620288,0.51759857
909.68,0.19343989,0.52776885
910.11,0.18920900,0.53609888
910.54,0.18338850,0.54234355
910.97,0.17694231,0.54821091
911.40,0.17124536,0.55369998
911.83,0.16714908,0.55905397
912.25,0.16513647,0.56402778
912.68,0.16451975,0.56862046
913.11,0.16340666,0.57331935
913.54,0.16120252,0.57787936
913.97,0.15879181,0.58229955
914.40,0.15645936,0.58657899
914.82,0.15392623,0.59071672
915.25,0.15112378,0.59520010
915.68,0.14837164,0.59953992
916.11,0.14646230,0.60397938
916.54,0.14634276,0.60851755
916.96,0.14817808,0.61339764
917.39,0.15006420,0.61813045
917.82,0.14954247,0.62466818
918.25,0.14619672,0.63252162
918.68,0.14173832,0.64046915
919.10,0.13899795,0.64850986
919.53,0.13929195,0.65688696
919.96,0.14119693,0.66559955
920.39,0.14257339,0.67464671
920.81,0.14204458,0.68378339
921.24,0.13997816,0.69325282
921.67,0.13837704,0.70280995
922.10,0.13837024,0.71269803
922.52,0.13849945,0.72291614
922.95,0.13756049,0.73346339
923.38,0.13657725,0.74409474
923.81,0.13582818,0.75480929
924.23,0.13447798,0.76585029
924.66,0.13289644,0.77721684
925.09,0.13215082,0.78890806
925.52,0.13193256,0.80116719
925.94,0.13076279,0.81472576
926.37,0.12861912,0.82836220
926.80,0.12675348,0.84207561
927.23,0.12568005,0.85610925
927.65,0.12472515,0.86997397
928.08,0.12231403,0.88415716
928.51,0.11813210,0.89816968
928.93,0.11412834,0.91225477
929.36,0.11132105,0.92641158
929.79,0.10897736,0.94039509
930.21,0.10712998,0.95444857
930.64,0.10596379,0.96832702
931.07,0.10480429,0.98202956
931.50,0.10290376,0.99555534
931.92,0.10029650,1.00890349
932.35,0.09783275,1.02207316
932.78,0.09579589,1.03481934
933.20,0.09435435,1.04714118
933.63,0.09343608,1.05537571
934.06,0.09232975,1.06318420
934.48,0.09161678,1.07080992
934.91,0.09171467,1.07849618
935.34,0.09060799,1.08575384
935.76,0.08680654,1.09307034
936.19,0.08212587,1.10020070
936.62,0.07854544,1.10738821
937.04,0.07530533,1.11463203
937.47,0.07122868,1.12193132
937.89,0.06698693,1.12928525
938.32,0.06379422,1.13693713
938.75,0.06170654,1.14488611
939.17,0.06049056,1.15288723
939.60,0.06033473,1.16142794
940.03,0.06097121,1.17001913
940.45,0.06126785,1.17914825
940.88,0.06027632,1.18857034
941.30,0.05838513,1.20048184
941.73,0.05686889,1.21707919
942.16,0.05640569,1.23421119
942.58,0.05611916,1.25187701
943.01,0.05485325,1.26958756
943.43,0.05267512,1.28758617
943.86,0.05018631,1.30587202
944.29,0.04803728,1.32420015
944.71,0.04700509,1.34256977
945.14,0.04651690,1.36122420
945.56,0.04490614,1.37967436
945.99,0.04267866,1.39791943
946.41,0.04169502,1.41595862
946.84,0.04121123,1.43403527
947.26,0.03933545,1.45166030
947.69,0.03682755,1.46907704
948.12,0.03563969,1.48579643
948.54,0.03571068,1.50230594
948.97,0.03584913,1.51811650
949.39,0.03566073,1.53273905
949.82,0.03531224,1.54177825
950.24,0.03439964,1.55036028
950.67,0.03267151,1.55848434
951.09,0.03169308,1.56590552
951.52,0.03258785,1.57286716
951.94,0.03438959,1.57912435
952.37,0.03576143,1.58516459
952.79,0.03570755,1.59074295
953.22,0.03394937,1.59610281
953.64,0.03127182,1.60075510
954.07,0.02895354,1.60518733
954.49,0.02738249,1.60939874
954.92,0.02603254,1.61314440
955.34,0.02537913,1.61691183
955.77,0.02593103,1.62021198
956.19,0.02603100,1.62353237
956.62,0.02453182,1.62638394
957.04,0.02296516,1.62925423
957.47,0.02288909,1.63214247
957.89,0.02405685,1.63822172
958.32,0.02503799,1.64553810
958.74,0.02474369,1.65287016
959.17,0.02334518,1.65997299
959.59,0.02161286,1.66708999
960.02,0.02038548,1.67373211
960.44,0.02005706,1.67989862
960.87,0.01984882,1.68607703
961.29,0.01938686,1.69153419
961.71,0.01958862,1.69675763
962.14,0.02034095,1.70125831
962.56,0.02056085,1.70527965
962.99,0.01983260,1.70882089
963.41,0.01856951,1.71163716
963.84,0.01816476,1.71372771
964.26,0.01915796,1.71533596
964.68,0.01981187,1.71597287
965.11,0.01861856,1.71563773
965.53,0.01605818,1.71481808
965.96,0.01381453,1.71278076
966.38,0.01317746,1.70268911
966.80,0.01349939,1.68991349
967.23,0.01352856,1.67640630
967.65,0.01342977,1.66216682
968.08,0.01321513,1.64719432
968.50,0.01198879,1.63173222
968.92,0.01012943,1.61577980
969.35,0.00924639,1.59933633
969.77,0.01022689,1.58264525
970.20,0.01214706,1.56594997
970.62,0.01282676,1.54900564
971.04,0.01155403,1.53205569
971.47,0.00951102,1.51509940
971.89,0.00711173,1.49838021
972.31,0.00467147,1.48189739
972.74,0.00356226,1.46589439
973.16,0.00402609,1.45012636
973.58,0.00482043,1.43483674
974.01,0.00523168,1.42002481
974.43,0.00598014,1.40617816
974.85,0.00735383,1.40354999
975.28,0.00789466,1.41018648
975.70,0.00670335,1.41729787
976.12,0.00487406,1.42488346
976.55,0.00410034,1.43269841
976.97,0.00452333,1.44025375
977.39,0.00430275,1.44779292
977.82,0.00245610,1.45482696
978.24,0.00026087,1.46135517
978.66,-0.00116120,1.46713272
979.09,-0.00172613,1.47215893
979.51,-0.00134744,1.47570068
979.93,-0.00023206,1.47800144
980.36,0.00083849,1.47881638
980.78,0.00118334,1.47790068
981.20,0.00138678,1.47525365
981.62,0.00248095,1.47038633
982.05,0.00412850,1.46329806
982.47,0.00573119,1.45374400
982.89,0.00654585,1.44172349
983.31,0.00516085,1.42674756
983.74,0.00197394,1.37585657
984.16,-0.00031337,1.31883500
984.58,-0.00045443,1.25934428
985.00,-0.00009472,1.19762789
985.43,-0.00060938,1.13392930
985.85,-0.00167906,1.06873612
986.27,-0.00223234,1.00253598
986.69,-0.00151849,0.93532821
987.12,-0.00026732,0.86760043
987.54,0.00000088,0.79959611
987.96,-0.00062277,0.73155874
988.38,-0.00036624,0.66397594
988.81,0.00069099,0.59709120
989.23,0.00095395,0.53114800
989.65,0.00069299,0.46663396
990.07,0.00061226,0.40354844
990.49,0.00023475,0.34262319
990.92,-0.00035669,0.28361344
991.34,-0.00084988,0.22749510
991.76,-0.00167047,0.17426751
992.18,-0.00248431,0.12393003
992.60,-0.00295681,0.11261483
993.03,-0.00352192,0.11126852
993.45,-0.00387457,0.11305453
993.87,-0.00371057,0.11772808
994.29,-0.00325419,0.12504438
994.71,-0.00247056,0.13500279
995.13,-0.00128800,0.14711439
995.56,-0.00009151,0.16113441
995.98,0.00008317,0.17681807
996.40,-0.00118224,0.19416474
996.82,-0.00260814,0.21268550
997.24,-0.00251186,0.23237971
997.66,-0.00039742,0.25251434
998.09,0.00263896,0.27333287
998.51,0.00494016,0.29459056
998.93,0.00561254,0.31579849
999.35,0.00471544,0.33695603
999.77,0.00298640,0.35757428
1000.19,0.00136095,0.37740847
1000.61,0.00032189,0.39645798
1001.04,-0.00034907,0.41447805
1001.46,-0.00108507,0.42756181
1001.88,-0.00156607,0.43326724
1002.30,-0.00102532,0.43745308
1002.72,-0.00028756,0.43963045
1003.14,-0.00111477,0.43979873
1003.56,-0.00293814,0.43795731
1003.98,-0.00352931,0.43386142
1004.40,-0.00244350,0.42751046
1004.82,-0.00127391,0.41890382
1005.25,-0.00125055,0.40755262
1005.67,-0.00203821,0.39345623
1006.09,-0.00225715,0.37661405
1006.51,-0.00119451,0.35702548
1006.93,-0.00024055,0.33420163
1007.35,-0.00072119,0.30814190
1007.77,-0.00168507,0.27908982
1008.19,-0.00187546,0.24631238
1008.61,-0.00148296,0.21029725
1009.03,-0.00115665,0.17031141
1009.45,-0.00136861,0.12684255
1009.87,-0.00263199,0.07940179
1010.29,-0.00416334,0.02798853
1010.71,-0.00476297,-0.03228063
1011.13,-0.00495748,-0.10287114
1011.55,-0.00445450,-0.17768006
1011.97,-0.00265757,-0.25646385
1012.39,-0.00150425,-0.33971138
1012.81,-0.00194304,-0.42669082
1013.23,-0.00238837,-0.51813517
1013.65,-0.00222172,-0.61355674
1014.08,-0.00245952,-0.71320026
1014.50,-0.00376295,-0.81706632
1014.92,-0.00557510,-0.92491134
1015.34,-0.00677713,-1.03673593
1015.76,-0.00704022,-1.15278479
1016.18,-0.00697319,-1.27281437
1016.60,-0.00639128,-1.39682524
1017.01,-0.00500085,-1.52506213
1017.43,-0.00392291,-1.65728147
1017.85,-0.00362087,-1.79348384
1018.27,-0.00326955,-1.93366981
1018.69,-0.00252106,-2.07808409
1019.11,-0.00173782,-2.22623898
1019.53,-0.00132288,-2.37837919
1019.95,-0.00183237,-2.53450529
