,lambda_nm,spectral_intensity_mean_au,spec_int_stddev_au
0,206.961,447.3961038961039,6.14163863151478
1,207.342,442.06493506493507,5.962736368126927
2,207.723,442.8181818181818,6.012383914104164
3,208.105,447.03246753246754,6.241273212564956
4,208.486,444.8181818181818,6.350636071481084
5,208.868,443.90909090909093,6.258877992021276
6,209.249,448.3961038961039,5.660777367534432
7,209.631,449.2142857142857,6.2230867666601215
8,210.012,447.27272727272725,6.869160071977577
9,210.394,452.35714285714283,6.244663770209606
10,210.776,450.4025974025974,6.673770600846308
11,211.158,452.03246753246754,6.076801567264384
12,211.539,456.5844155844156,6.438219180557614
13,211.921,453.56493506493507,7.015683103687604
14,212.303,450.37012987012986,7.241610729468932
15,212.685,452.5064935064935,6.2202504994519225
16,213.067,450.9025974025974,6.179952381314754
17,213.449,449.8766233766234,5.880109463242436
18,213.831,451.3961038961039,6.255822047956539
19,214.213,446.4220779220779,7.516892204196665
20,214.596,446.65584415584414,6.219345468265507
21,214.978,447.2402597402597,6.2585579796374065
22,215.36,448.1623376623377,6.186989679042756
23,215.742,445.72727272727275,5.676646997428328
24,216.125,446.8376623376623,7.203418001127743
25,216.507,444.8376623376623,5.883579151013766
26,216.89,446.7077922077922,5.956471243203316
27,217.272,444.87012987012986,7.449136007340777
28,217.655,443.5064935064935,6.636427173305018
29,218.037,445.26623376623377,6.049624017288031
30,218.42,444.0974025974026,6.107021167411655
31,218.803,444.84415584415586,6.939562722600565
32,219.186,445.59090909090907,7.098210526607903
33,219.568,444.9025974025974,6.023513968293506
34,219.951,446.93506493506493,6.338580410404221
35,220.334,447.83116883116884,6.615414108628338
36,220.717,449.1038961038961,6.729629031253985
37,221.1,447.7077922077922,6.7985152357972805
38,221.483,448.9025974025974,5.888321570349006
39,221.866,450.31168831168833,7.1962467494850255
40,222.249,451.45454545454544,6.915154550386137
41,222.633,451.59090909090907,6.19238497197051
42,223.016,452.4805194805195,6.8302428882110915
43,223.399,452.4805194805195,6.7863698185816235
44,223.782,453.7402597402597,6.7283131121502135
45,224.166,453.02597402597405,6.219938668370159
46,224.549,450.2207792207792,6.658893821445307
47,224.933,449.6753246753247,6.975730764570885
48,225.316,450.0584415584416,6.934046449848922
49,225.7,448.7597402597403,6.868954432624387
50,226.083,448.2792207792208,5.379731989228821
51,226.467,449.14285714285717,6.85795449741997
52,226.851,447.3376623376623,6.980697672144257
53,227.235,447.97402597402595,7.090278740832543
54,227.618,446.9155844155844,6.060250839930146
55,228.002,445.90909090909093,6.476093535862653
56,228.386,445.7597402597403,6.514773615192658
57,228.77,446.3051948051948,6.307414645281011
58,229.154,445.512987012987,6.618781828700446
59,229.538,470.012987012987,6.51669884259094
60,229.922,448.0194805194805,6.78469513256331
61,230.306,447.22727272727275,5.881428759263785
62,230.691,450.64285714285717,6.469387023521727
63,231.075,448.77272727272725,6.454156747029792
64,231.459,446.9415584415584,6.0250957991920515
65,231.843,448.2792207792208,6.758829485657381
66,232.228,449.26623376623377,6.439571462502613
67,232.612,450.0844155844156,6.456599662664008
68,232.997,449.0779220779221,7.241235156472323
69,233.381,450.18831168831167,7.03494937679151
70,233.766,451.96753246753246,5.718980509420158
71,234.15,455.06493506493507,6.438192983430009
72,234.535,451.7792207792208,6.642295364142074
73,234.92,456.6363636363636,6.691551352573796
74,235.305,452.44805194805195,6.015177996947702
75,235.689,451.7597402597403,7.389054026941109
76,236.074,451.1753246753247,6.258638826415933
77,236.459,451.9155844155844,5.684281469745282
78,236.844,451.04545454545456,6.677487774246136
79,237.229,450.7207792207792,6.608236451823182
80,237.614,450.14935064935065,6.852606355545166
81,237.999,450.84415584415586,6.290716588473194
82,238.384,447.7857142857143,6.7995075124507265
83,238.77,448.538961038961,6.557570342031395
84,239.155,449.74675324675326,6.131207893866765
85,239.54,449.2987012987013,6.505871344388743
86,239.926,448.92857142857144,7.00936955763835
87,240.311,448.73376623376623,6.013018568821298
88,240.696,448.55194805194805,6.767034501563693
89,241.082,448.7597402597403,6.299922896668153
90,241.467,449.2402597402597,6.917937530275539
91,241.853,449.5974025974026,6.158638195439875
92,242.239,451.05194805194805,6.581943233162535
93,242.624,453.95454545454544,6.4338198436388785
94,243.01,454.68831168831167,6.951146294816509
95,243.396,449.3181818181818,6.665188246145229
96,243.782,449.97402597402595,6.4986992224398925
97,244.167,451.46753246753246,6.7141726735692675
98,244.553,451.90909090909093,6.285794783213224
99,244.939,451.14935064935065,5.877297801581406
100,245.325,453.38961038961037,6.706569456449233
101,245.711,450.84415584415586,6.236809322174851
102,246.098,452.8636363636364,7.051819496089708
103,246.484,452.4155844155844,5.5685822051345815
104,246.87,453.9025974025974,6.491522424159825
105,247.256,452.6038961038961,6.12151711860397
106,247.642,452.64935064935065,6.348670448327006
107,248.029,454.05194805194805,6.303773563521971
108,248.415,453.76623376623377,6.186277448726822
109,248.802,452.0974025974026,6.736959004634295
110,249.188,451.9025974025974,6.060056020185413
111,249.575,452.0779220779221,6.217416329321202
112,249.961,450.46753246753246,6.998301121458561
113,250.348,450.94805194805195,6.302743381034281
114,250.735,452.03246753246754,5.819156487238661
115,251.121,451.9415584415584,7.112488571179286
116,251.508,451.88961038961037,7.165539546402694
117,251.895,449.85714285714283,6.604237690536159
118,252.282,452.3636363636364,6.417122167041046
119,252.669,449.45454545454544,6.859528313921616
120,253.056,450.0064935064935,5.681476798649638
121,253.443,452.77272727272725,6.277689548590066
122,253.83,450.987012987013,6.18438231226425
123,254.217,451.35064935064935,6.5787265056002
124,254.604,450.64935064935065,6.665020598493582
125,254.991,453.6753246753247,6.69646458077685
126,255.378,453.66883116883116,7.403978567894004
127,255.766,451.0844155844156,7.0489488013400265
128,256.153,451.73376623376623,6.739149246657919
129,256.541,451.75324675324674,6.1001508266553595
130,256.928,453.07142857142856,5.805401809261428
131,257.315,453.44805194805195,7.185882812119133
132,257.703,453.987012987013,6.784232113030012
133,258.091,452.1233766233766,6.768268133982246
134,258.478,452.6623376623377,6.504963917985699
135,258.866,452.15584415584414,6.335972203846886
136,259.254,452.6363636363636,6.513540523669353
137,259.641,452.3831168831169,6.849208933323055
138,260.029,454.05194805194805,6.649667707538325
139,260.417,453.3051948051948,6.197326530922992
140,260.805,450.7012987012987,6.957318738397765
141,261.193,451.8961038961039,6.733487577046869
142,261.581,451.6363636363636,6.108136134419379
143,261.969,450.88961038961037,6.561954183423305
144,262.357,452.09090909090907,6.958470159867145
145,262.745,450.5974025974026,6.1660143945047645
146,263.134,451.038961038961,6.832773501716178
147,263.522,451.9025974025974,6.665251508314156
148,263.91,452.2077922077922,6.61626814878014
149,264.299,451.1948051948052,6.28136588884802
150,264.687,452.07142857142856,6.188706873360415
151,265.076,452.8376623376623,6.194332117306162
152,265.464,452.74675324675326,6.78956579939451
153,265.853,450.3181818181818,6.926988950113467
154,266.241,450.5779220779221,6.077190126866527
155,266.63,453.7857142857143,6.47769829022212
156,267.019,451.15584415584414,6.700581356954569
157,267.407,450.5779220779221,6.508518361858974
158,267.796,451.1818181818182,6.697988208773157
159,268.185,451.3181818181818,6.462383205460261
160,268.574,451.0194805194805,6.735707118001095
161,268.963,451.6753246753247,7.195672506212593
162,269.352,453.37012987012986,6.229330808425254
163,269.741,450.9025974025974,6.730208580661822
164,270.13,453.2987012987013,6.844402272603438
165,270.519,452.93506493506493,6.413941111375992
166,270.908,453.56493506493507,5.409137680844232
167,271.297,452.0,6.871737714783592
168,271.687,454.6753246753247,6.910262570314517
169,272.076,450.7077922077922,6.896192554520943
170,272.465,453.2792207792208,6.771307642178343
171,272.855,453.3181818181818,6.719524319758448
172,273.244,451.42857142857144,5.30970337281054
173,273.634,452.85064935064935,6.503527981159175
174,274.023,457.8831168831169,5.774943696749264
175,274.413,458.40909090909093,6.870427533875097
176,274.803,452.22727272727275,6.558946232350637
177,275.192,451.03246753246754,6.109837533887808
178,275.582,450.1038961038961,6.241013103706333
179,275.972,452.40909090909093,6.322104733746732
180,276.362,454.95454545454544,6.309486682447775
181,276.752,451.2857142857143,6.5044582969336675
182,277.141,452.6818181818182,6.8799582313879935
183,277.531,449.9025974025974,6.558200458471802
184,277.922,451.1623376623377,7.216927053377804
185,278.312,453.09090909090907,6.680426571226849
186,278.702,453.05194805194805,6.776383941452603
187,279.092,454.12987012987014,6.147221205924045
188,279.482,450.07142857142856,6.510837262233448
189,279.872,451.88961038961037,6.014659244066096
190,280.263,452.7402597402597,6.465498037088869
191,280.653,453.06493506493507,6.271638205046931
192,281.044,453.27272727272725,7.040949544206473
193,281.434,452.85064935064935,6.575024040776221
194,281.825,451.37012987012986,7.062753315720297
195,282.215,450.95454545454544,5.805663277532528
196,282.606,452.2077922077922,7.1493123133784655
197,282.996,451.9220779220779,6.7866680495444385
198,283.387,453.31168831168833,7.354227938959675
199,283.778,452.7142857142857,6.696300864583127
200,284.169,452.5064935064935,6.721980568957217
201,284.56,450.8636363636364,6.046430933749246
202,284.95,453.06493506493507,6.198738167233181
203,285.341,454.24675324675326,6.931306438119213
204,285.732,451.6818181818182,7.15115515639524
205,286.123,451.7142857142857,7.131159252323826
206,286.515,451.5974025974026,6.802901864129765
207,286.906,450.35714285714283,6.371281519472443
208,287.297,451.92857142857144,6.713145799892345
209,287.688,450.35714285714283,6.523363178714644
210,288.079,449.6168831168831,6.475927504094401
211,288.471,449.7142857142857,6.641774803600615
212,288.862,451.38961038961037,7.0933585988472405
213,289.254,452.27272727272725,7.016930108416286
214,289.645,452.4935064935065,6.777777624168937
215,290.037,449.512987012987,6.526904372529369
216,290.428,449.8051948051948,6.3410412538344385
217,290.82,450.012987012987,7.145961544986703
218,291.212,451.93506493506493,7.031169310925489
219,291.603,451.37012987012986,6.586045163239052
220,291.995,451.92857142857144,6.633354465553394
221,292.387,452.461038961039,6.499883232600645
222,292.779,453.2987012987013,5.893128146607368
223,293.171,451.8376623376623,6.690243700277374
224,293.563,454.3051948051948,6.7625092573361645
225,293.955,451.40909090909093,5.828293769574663
226,294.347,449.84415584415586,7.074859339733283
227,294.739,450.6623376623377,6.685146142824347
228,295.131,449.7597402597403,6.728554383251968
229,295.523,451.5779220779221,6.5184876617606315
230,295.915,451.83116883116884,6.667234472924329
231,296.308,451.22727272727275,6.862776242657824
232,296.7,454.0974025974026,7.259359816251803
233,297.092,452.2077922077922,6.993202009554188
234,297.485,450.96753246753246,6.396446691321663
235,297.877,451.5194805194805,6.213956619819386
236,298.27,451.72727272727275,6.729729281207907
237,298.662,450.4155844155844,6.797346024011628
238,299.055,450.85714285714283,7.206984861769425
239,299.448,451.038961038961,6.6507329123344965
240,299.841,454.2792207792208,6.741513908791215
241,300.233,449.1363636363636,5.899667811271494
242,300.626,451.5844155844156,6.799256356111358
243,301.019,451.65584415584414,6.1942368167471935
244,301.412,452.1818181818182,6.330153098674346
245,301.805,450.2792207792208,6.834306844308767
246,302.198,449.7792207792208,5.910860303093374
247,302.591,451.7077922077922,6.852741725151146
248,302.984,449.9025974025974,7.088283253882141
249,303.377,453.512987012987,7.287453203598397
250,303.77,451.37012987012986,7.023107776495848
251,304.164,454.02597402597405,6.320393761311597
252,304.557,451.8636363636364,6.886904740645804
253,304.95,451.7922077922078,6.465367603047533
254,305.344,449.8961038961039,6.692861899426133
255,305.737,451.461038961039,6.7824574300683755
256,306.131,451.6233766233766,6.682092683013951
257,306.524,451.0194805194805,6.54005716963453
258,306.918,452.0064935064935,6.277662681561051
259,307.312,450.3246753246753,6.260454235297009
260,307.705,450.0194805194805,6.757843715135171
261,308.099,450.57142857142856,6.812762224532342
262,308.493,449.6168831168831,6.443760751510095
263,308.887,449.0779220779221,6.074785515461695
264,309.281,451.1623376623377,6.923956885402975
265,309.674,452.2597402597403,6.713820979168815
266,310.068,448.7597402597403,7.0885449890936885
267,310.462,451.02597402597405,6.2168059322553475
268,310.857,452.5844155844156,6.110137731673225
269,311.251,450.0584415584416,6.863452061072219
270,311.645,450.0064935064935,6.249671942815475
271,312.039,449.66883116883116,6.597968198477422
272,312.433,451.22727272727275,6.65916293565054
273,312.828,453.0584415584416,6.551729238362824
274,313.222,448.88961038961037,7.250223183588221
275,313.616,450.26623376623377,6.793849594227838
276,314.011,449.42857142857144,6.984079430508448
277,314.405,451.0584415584416,6.974198285617067
278,314.8,450.3181818181818,6.95972135717656
279,315.195,448.97402597402595,6.670294734378774
280,315.589,450.4935064935065,7.053825298436795
281,315.984,450.3181818181818,6.356001913984806
282,316.379,450.3181818181818,6.167262274862497
283,316.773,452.44805194805195,6.4777764019904644
284,317.168,451.18831168831167,6.327398144535697
285,317.563,452.0779220779221,6.486281695061845
286,317.958,449.23376623376623,6.09320699876255
287,318.353,450.93506493506493,6.183004906282073
288,318.748,450.7792207792208,6.132992271151967
289,319.143,451.2922077922078,6.563303456988001
290,319.538,451.26623376623377,6.166564860529695
291,319.934,449.3831168831169,6.539786377967951
292,320.329,450.87012987012986,6.198765376341153
293,320.724,450.87012987012986,6.51741054736265
294,321.119,451.72727272727275,6.5468072195365306
295,321.515,451.65584415584414,7.252746788335618
296,321.91,449.961038961039,5.895059693564587
297,322.306,449.94805194805195,6.736016981608801
298,322.701,451.72727272727275,6.350450160209758
299,323.097,453.0974025974026,6.3078692149346685
300,323.492,452.15584415584414,6.919884645583343
301,323.888,449.987012987013,6.276100837869326
302,324.284,450.3181818181818,6.425097447797611
303,324.679,449.72727272727275,6.418593857492308
304,325.075,450.2597402597403,6.536416662796055
305,325.471,453.9025974025974,6.674986726500231
306,325.867,448.47402597402595,6.948977362816469
307,326.263,452.0194805194805,6.365971609686521
308,326.659,449.44805194805195,7.047189923329952
309,327.055,449.42857142857144,6.799405190617535
310,327.451,451.35064935064935,6.825784258762867
311,327.847,452.2987012987013,6.956385341157694
312,328.243,451.07142857142856,6.591126603793586
313,328.64,451.07142857142856,6.573369278647697
314,329.036,450.7792207792208,6.626635307357052
315,329.432,451.3181818181818,6.592700159685221
316,329.829,451.8831168831169,6.932839275138995
317,330.225,450.7792207792208,6.4759763374092945
318,330.622,448.9415584415584,5.8645279844460445
319,331.018,451.2792207792208,6.620017610176635
320,331.415,449.35714285714283,7.43515567346661
321,331.811,450.11038961038963,6.640647840708589
322,332.208,450.76623376623377,7.080054486355943
323,332.605,450.57142857142856,6.662413609349157
324,333.001,449.7792207792208,6.605042105164568
325,333.398,450.9805194805195,6.575703783597652
326,333.795,450.9220779220779,7.416664692620215
327,334.192,450.61038961038963,6.982642383324421
328,334.589,450.8766233766234,7.087878734998991
329,334.986,452.4220779220779,6.551278716792393
330,335.383,452.2142857142857,6.88680677866593
331,335.78,450.7922077922078,6.393660948193821
332,336.177,451.3246753246753,5.994459689789229
333,336.574,451.43506493506493,6.259460709390765
334,336.972,450.987012987013,6.509720018105005
335,337.369,450.5844155844156,6.560112941201205
336,337.766,450.4935064935065,7.357518244455147
337,338.164,450.487012987013,6.140388977258617
338,338.561,450.54545454545456,6.713130097240733
339,338.959,451.61038961038963,6.619836079415684
340,339.356,451.1948051948052,5.977314171290541
341,339.754,452.2207792207792,6.61388420883522
342,340.151,451.2207792207792,6.046622705780616
343,340.549,452.7142857142857,6.773433863852054
344,340.947,450.56493506493507,6.478661602878675
345,341.344,449.487012987013,6.1096442953265075
346,341.742,449.4805194805195,6.195118290979678
347,342.14,449.0194805194805,6.246527117434238
348,342.538,449.45454545454544,6.319513080341651
349,342.936,450.6818181818182,6.540289267853666
350,343.334,452.06493506493507,7.098266959403002
351,343.732,448.75324675324674,7.133524008739909
352,344.13,449.6233766233766,5.849939418132223
353,344.528,451.11038961038963,7.0393713638970015
354,344.926,450.6038961038961,6.270337126304879
355,345.325,450.8376623376623,6.866510843121961
356,345.723,450.61038961038963,6.422678658231706
357,346.121,451.42857142857144,6.8687672033814495
358,346.52,450.2922077922078,6.365415203273788
359,346.918,451.4415584415584,6.405138980808124
360,347.317,450.4805194805195,7.080447541820905
361,347.715,452.47402597402595,6.257668596135911
362,348.114,451.2142857142857,6.503709516638095
363,348.512,450.1233766233766,6.66969101299334
364,348.911,450.5,6.5537240330440145
365,349.31,451.0064935064935,7.331214843470802
366,349.709,451.85714285714283,6.875921257216086
367,350.107,450.97402597402595,6.1548714229536525
368,350.506,450.9155844155844,6.754461054664385
369,350.905,449.52597402597405,6.502944439939165
370,351.304,449.62987012987014,7.471983427897172
371,351.703,451.2012987012987,6.4085777238982615
372,352.102,450.14285714285717,6.264130593823454
373,352.501,451.4155844155844,6.354976880521666
374,352.9,451.09090909090907,6.510095692599339
375,353.3,451.97402597402595,7.24967357254216
376,353.699,451.90909090909093,6.6716726580873695
377,354.098,451.25324675324674,6.893966577586452
378,354.498,449.2987012987013,6.758476995624675
379,354.897,449.1818181818182,6.892923668097222
380,355.296,449.05194805194805,6.325368638497348
381,355.696,449.35714285714283,7.246744518916683
382,356.095,448.5194805194805,6.9899935707946375
383,356.495,450.4415584415584,6.695595579831753
384,356.895,448.45454545454544,6.289644043663031
385,357.294,449.64935064935065,6.806731263053852
386,357.694,449.94805194805195,7.223511582444991
387,358.094,451.4025974025974,7.14190076241983
388,358.494,450.31168831168833,6.743461942339814
389,358.893,450.85714285714283,6.570722717596592
390,359.293,450.54545454545456,7.02878211642257
391,359.693,450.38961038961037,6.655055385634749
392,360.093,452.2012987012987,6.742364483833206
393,360.493,451.47402597402595,5.855620068697743
394,360.893,450.6168831168831,6.727727132023244
395,361.294,451.76623376623377,6.839336384410373
396,361.694,453.3051948051948,6.2723138526342055
397,362.094,451.0844155844156,6.395972046897343
398,362.494,453.04545454545456,6.606117697040724
399,362.895,450.77272727272725,7.076137628029475
400,363.295,451.6168831168831,6.997400307561399
401,363.696,451.24675324675326,6.342304559143391
402,364.096,455.3051948051948,6.657997751047978
403,364.497,450.14935064935065,6.104908039909064
404,364.897,450.2792207792208,7.225942398653561
405,365.298,451.3051948051948,6.227638357154773
406,365.698,452.1363636363636,6.57925525906029
407,366.099,450.9025974025974,5.898238214307772
408,366.5,451.5974025974026,6.428951844968843
409,366.901,448.5974025974026,7.005118240628632
410,367.302,450.7142857142857,6.746537626393362
411,367.703,452.0,6.81861470487272
412,368.104,450.2857142857143,7.228833217373406
413,368.505,451.3766233766234,6.4305257425569256
414,368.906,451.6363636363636,7.228926544422182
415,369.307,452.0584415584416,6.620743683447444
416,369.708,451.4155844155844,5.8306192434727295
417,370.109,449.93506493506493,6.809728835567929
418,370.51,450.4805194805195,7.186044175968527
419,370.912,449.5974025974026,6.2247093298010885
420,371.313,462.0974025974026,7.982748835318916
421,371.714,449.4025974025974,6.156529086779084
422,372.116,451.84415584415586,6.395138037694505
423,372.517,452.7987012987013,5.988495323155292
424,372.919,449.7857142857143,6.738110534912959
425,373.32,450.38961038961037,6.671622097109915
426,373.722,451.73376623376623,7.443328929702286
427,374.124,452.05194805194805,6.32331514214749
428,374.525,450.7012987012987,6.8718604355620085
429,374.927,452.66883116883116,7.524898234463277
430,375.329,450.7987012987013,6.107670151294293
431,375.731,451.72727272727275,6.494025953248412
432,376.133,450.2207792207792,7.773787752195938
433,376.535,451.7987012987013,6.791304476696143
434,376.937,452.37012987012986,6.8337885698124925
435,377.339,450.12987012987014,7.279843457269832
436,377.741,452.5,6.725846637190963
437,378.143,450.27272727272725,6.830292275004303
438,378.545,452.6623376623377,6.800707353603799
439,378.947,450.512987012987,6.979782504134793
440,379.35,463.0974025974026,6.804094909627146
441,379.752,451.5584415584416,6.61166522532557
442,380.154,450.34415584415586,5.9318421725572055
443,380.557,451.0064935064935,6.709652625423607
444,380.959,450.57142857142856,6.682849869237532
445,381.362,450.2792207792208,6.993964701795246
446,381.764,451.22727272727275,6.752125905986583
447,382.167,450.09090909090907,6.744274759430888
448,382.57,450.61038961038963,6.759612384483557
449,382.972,450.05194805194805,6.412034350873511
450,383.375,448.7402597402597,6.79362305535488
451,383.778,450.74675324675326,6.14390383987724
452,384.181,450.0779220779221,6.5747771356555145
453,384.584,450.35064935064935,6.99214073412973
454,384.987,451.35714285714283,6.737835186880566
455,385.39,449.55194805194805,6.1676177890743675
456,385.793,451.07142857142856,6.731499073561957
457,386.196,450.7922077922078,6.783933774980109
458,386.599,451.04545454545456,6.366859109738374
459,387.002,450.6623376623377,7.274060638439745
460,387.405,449.7077922077922,6.400005402468622
461,387.809,451.3961038961039,6.915462470725355
462,388.212,450.7012987012987,6.762319080931922
463,388.615,453.4220779220779,6.610482100748611
464,389.019,450.54545454545456,7.1578590983135815
465,389.422,448.16883116883116,6.004116763884022
466,389.826,450.8766233766234,6.462004757157908
467,390.229,453.3831168831169,6.937754840947577
468,390.633,450.8246753246753,7.111480672976509
469,391.037,449.27272727272725,6.143598428681073
470,391.44,456.52597402597405,6.281490074637295
471,391.844,452.7792207792208,6.526914062941442
472,392.248,451.14285714285717,7.044781223436637
473,392.652,450.8181818181818,6.975331808385322
474,393.056,451.1038961038961,6.568489153179699
475,393.46,449.961038961039,6.4615577681151946
476,393.864,451.53246753246754,6.86338755400555
477,394.268,450.77272727272725,6.901461098148433
478,394.672,449.38961038961037,6.977991085438808
479,395.076,450.62987012987014,6.417256867028105
480,395.48,450.038961038961,6.563261697918587
481,395.884,453.2792207792208,7.200736572394716
482,396.289,450.1948051948052,6.47279814849358
483,396.693,454.55194805194805,7.545569103004128
484,397.097,450.25324675324674,6.646512305128885
485,397.502,450.85064935064935,6.403917700595945
486,397.906,450.1753246753247,6.296910309035733
487,398.311,449.14285714285717,6.588487175771548
488,398.715,450.68831168831167,6.391471062627826
489,399.12,454.18831168831167,6.320210296229445
490,399.525,448.44805194805195,6.5326773093786175
491,399.929,450.2077922077922,6.778188208171395
492,400.334,449.487012987013,7.574939040504804
493,400.739,451.73376623376623,6.072123024385742
494,401.144,449.0974025974026,7.440473278236345
495,401.548,449.7987012987013,6.815166309039594
496,401.953,448.4155844155844,7.012698406759889
497,402.358,450.3246753246753,6.897094359864277
498,402.763,449.57142857142856,6.283204930045648
499,403.169,451.9220779220779,7.673137886998326
500,403.574,450.96753246753246,6.96877901244332
501,403.979,450.1038961038961,6.339085958906093
502,404.384,449.34415584415586,7.194315820948979
503,404.789,452.33116883116884,6.388966945745901
504,405.195,450.24675324675326,6.825574223797395
505,405.6,449.25324675324674,6.257008214494823
506,406.005,449.961038961039,6.9598879645437925
507,406.411,448.0974025974026,7.094692986886401
508,406.816,450.3246753246753,7.080137863580989
509,407.222,449.38961038961037,6.221362117852523
510,407.627,448.961038961039,7.015644037308497
511,408.033,448.83116883116884,7.5831367895415545
512,408.439,450.3636363636364,6.61542685630679
513,408.845,449.14285714285717,6.983680951256475
514,409.25,451.7597402597403,6.513776803377852
515,409.656,450.07142857142856,6.792955807933266
516,410.062,450.6818181818182,6.616296827319786
517,410.468,451.6168831168831,6.554663306704654
518,410.874,449.4220779220779,7.523799871966869
519,411.28,447.5844155844156,6.68075477762192
520,411.686,449.487012987013,5.601758783396854
521,412.092,447.6753246753247,6.8070657683840095
522,412.498,449.38961038961037,5.6709692342663915
523,412.904,449.6623376623377,6.787326596498992
524,413.311,448.7987012987013,6.68821396978167
525,413.717,450.7142857142857,6.4513305641733725
526,414.123,447.1623376623377,6.386339702448896
527,414.53,449.8051948051948,6.531718735323473
528,414.936,449.14285714285717,6.647359178239651
529,415.343,448.2792207792208,6.985603705698939
530,415.749,449.461038961039,7.046352208060595
531,416.156,447.5844155844156,7.15569094987666
532,416.562,449.4935064935065,6.644250276026433
533,416.969,448.59090909090907,6.608351304656974
534,417.376,450.34415584415586,6.279610243230182
535,417.782,449.3051948051948,6.225552624589352
536,418.189,451.0194805194805,6.039341560417551
537,418.596,449.2207792207792,7.04922096943569
538,419.003,447.6623376623377,6.539808944368429
539,419.41,449.4025974025974,6.842874273171673
540,419.817,447.64285714285717,6.55018446397194
541,420.224,452.44805194805195,6.868942155453322
542,420.631,450.3376623376623,6.733537673487085
543,421.038,448.6233766233766,7.498119177221521
544,421.445,447.25324675324674,6.508298088137012
545,421.853,449.25324675324674,6.245582010781584
546,422.26,451.7077922077922,7.067324963424317
547,422.667,447.7792207792208,6.347355266040685
548,423.075,449.24675324675326,7.077779100188202
549,423.482,448.09090909090907,7.126285380855713
550,423.89,450.2142857142857,6.5296171261775555
551,424.297,451.5194805194805,6.934031247443988
552,424.705,449.02597402597405,6.642980918220734
553,425.112,448.07142857142856,6.139194015014419
554,425.52,451.31168831168833,6.951146294816512
555,425.928,448.97402597402595,7.093025705695911
556,426.335,447.6623376623377,7.023356931502406
557,426.743,450.2402597402597,6.818667267814032
558,427.151,449.94805194805195,6.860192159468555
559,427.559,451.038961038961,6.8923853304887555
560,427.967,448.1753246753247,6.947982157678381
561,428.375,448.9025974025974,6.736959004634295
562,428.783,450.0194805194805,6.9492322095011705
563,429.191,449.8181818181818,6.937058908831929
564,429.599,449.1753246753247,6.7034911595194
565,430.007,451.25324675324674,6.848605591615159
566,430.415,449.6168831168831,6.741226190002814
567,430.824,448.3636363636364,6.262461013506641
568,431.232,447.90909090909093,6.859786483712532
569,431.64,448.3051948051948,6.831295366958031
570,432.049,448.14935064935065,6.610482100748611
571,432.457,450.31168831168833,7.384187634380207
572,432.865,448.8766233766234,7.1480884031462395
573,433.274,447.7922077922078,6.737832057860986
574,433.683,446.2207792207792,5.917448064884658
575,434.091,451.68831168831167,6.97818444787501
576,434.5,449.27272727272725,6.541846047167466
577,434.909,450.6168831168831,6.361611790321217
578,435.317,448.73376623376623,6.03027234184178
579,435.726,450.38961038961037,7.273249053638661
580,436.135,449.2077922077922,6.476406054703006
581,436.544,448.07142857142856,6.777643867948659
582,436.953,448.7857142857143,6.333752386618119
583,437.362,449.45454545454544,6.645075228572543
584,437.771,452.0194805194805,6.318875844478364
585,438.18,448.5844155844156,6.648602332080534
586,438.589,447.73376623376623,6.926368032899463
587,438.998,447.2402597402597,5.855461647160382
588,439.408,519.7727272727273,11.790114022598752
589,439.817,446.7987012987013,6.635578904985152
590,440.226,449.68831168831167,6.664033606071506
591,440.636,449.1948051948052,6.977773546293244
592,441.045,449.487012987013,6.326851674941848
593,441.454,447.8766233766234,6.68233562294168
594,441.864,449.77272727272725,7.649397503880492
595,442.273,450.3246753246753,6.822311674417813
596,442.683,450.43506493506493,6.325505292352191
597,443.093,450.5194805194805,6.176222502911037
598,443.502,450.6363636363636,6.992406068086669
599,443.912,448.7012987012987,6.878471846039029
600,444.322,450.02597402597405,6.717826693198091
601,444.732,451.14935064935065,7.199190491589165
602,445.142,449.961038961039,6.637049803142292
603,445.552,449.2402597402597,6.895373185049996
604,445.962,447.6168831168831,5.676561575813359
605,446.372,448.9220779220779,6.724188231344472
606,446.782,447.72727272727275,6.655017370251341
607,447.192,448.14935064935065,6.924249190422813
608,447.602,448.65584415584414,7.224938655318482
609,448.012,449.1818181818182,6.607212259120484
610,448.422,449.3246753246753,6.8118337795369355
611,448.833,448.0194805194805,6.23195658256884
612,449.243,448.3246753246753,6.170608083111836
613,449.653,448.7012987012987,6.1687628157525465
614,450.064,448.92857142857144,6.207564659199668
615,450.474,448.52597402597405,6.078702497348706
616,450.885,448.18831168831167,6.584879847358576
617,451.295,449.487012987013,7.107008625099163
618,451.706,448.4155844155844,7.058844777548469
619,452.117,448.1948051948052,7.360016517907364
620,452.527,449.26623376623377,6.838624270961181
621,452.938,449.1948051948052,6.588141572373458
622,453.349,447.8181818181818,6.637608849553387
623,453.76,446.3051948051948,6.361744351655222
624,454.171,447.2402597402597,6.217962244818604
625,454.581,450.038961038961,7.001746643760906
626,454.992,459.0974025974026,7.598504193640514
627,455.403,447.5194805194805,6.8889340769928245
628,455.815,447.9025974025974,6.721519502488325
629,456.226,448.03246753246754,6.026369361192299
630,456.637,448.9415584415584,6.25251846711783
631,457.048,449.35064935064935,6.807685179297122
632,457.459,447.5844155844156,7.103777391633761
633,457.871,449.35714285714283,6.622157387144411
634,458.282,448.73376623376623,6.088142838179853
635,458.693,447.72727272727275,6.306328224796626
636,459.105,449.75324675324674,6.815101344933197
637,459.516,449.2207792207792,6.544797431455689
638,459.928,449.487012987013,6.966745698187062
639,460.339,448.43506493506493,6.617494841916867
640,460.751,448.34415584415586,5.901111352659924
641,461.163,450.65584415584414,6.436886266424276
642,461.574,449.64285714285717,6.629017842110578
643,461.986,447.72727272727275,6.448872575656024
644,462.398,447.7077922077922,6.636112659497998
645,462.81,448.3181818181818,7.076304473798676
646,463.222,450.5584415584416,6.847112400173563
647,463.634,449.0974025974026,6.542339111182448
648,464.046,447.57142857142856,6.255238991621391
649,464.458,446.40909090909093,6.7934399567730805
650,464.87,448.54545454545456,6.9628801596798855
651,465.282,449.5779220779221,6.697336616906898
652,465.694,448.85714285714283,6.522118781130584
653,466.106,448.6038961038961,6.846573539805067
654,466.518,448.5779220779221,6.581933623768506
655,466.931,446.97402597402595,6.36033574621027
656,467.343,451.11038961038963,7.478594291407743
657,467.756,448.38961038961037,6.490064022568259
658,468.168,448.4935064935065,5.96009103177969
659,468.58,447.43506493506493,6.159066092002382
660,468.993,448.15584415584414,6.849144292110813
661,469.406,446.95454545454544,6.629666608423305
662,469.818,446.5779220779221,6.82697330545599
663,470.231,448.59090909090907,7.000569212815759
664,470.644,448.22727272727275,6.560925979222798
665,471.056,447.06493506493507,6.776271936649228
666,471.469,448.6363636363636,7.080078308520431
667,471.882,451.2077922077922,6.593656263247372
668,472.295,447.85714285714283,6.726019037772269
669,472.708,448.4220779220779,6.284161152972254
670,473.121,447.7402597402597,6.981241279505028
671,473.534,450.05194805194805,6.8203212475204795
672,473.947,446.74675324675326,6.578755347793821
673,474.36,448.14935064935065,7.010921412971566
674,474.773,446.62987012987014,6.618501516264538
675,475.186,447.8181818181818,6.237147351460062
676,475.6,447.6753246753247,6.933715029864227
677,476.013,447.6818181818182,6.251965452470942
678,476.426,451.35064935064935,6.894880905079279
679,476.84,447.7857142857143,6.682953975634223
680,477.253,448.6038961038961,6.93140681281874
681,477.667,448.2792207792208,7.081617645970735
682,478.08,448.3181818181818,6.431158471972018
683,478.494,447.22727272727275,6.677664580547237
684,478.907,450.2857142857143,7.1620521307487115
685,479.321,448.64935064935065,6.708719338499663
686,479.735,447.3051948051948,6.564690991904622
687,480.149,448.09090909090907,6.837030224478815
688,480.562,450.6233766233766,6.333868888122103
689,480.976,447.8181818181818,6.395467698599163
690,481.39,448.0064935064935,6.520195154085525
691,481.804,446.987012987013,6.411218873302468
692,482.218,449.42857142857144,6.910238162731962
693,482.632,446.5,6.950894551418188
694,483.046,450.07142857142856,6.361518995743831
695,483.46,446.9935064935065,6.206926120097403
696,483.874,449.81168831168833,6.419096388768826
697,484.289,447.2012987012987,6.03816849987274
698,484.703,447.7792207792208,6.650111563605483
699,485.117,448.3831168831169,6.139290170006066
700,485.532,449.7987012987013,6.963149636395114
701,485.946,447.038961038961,6.403005703374243
702,486.36,448.3636363636364,6.842208747407024
703,486.775,447.90909090909093,6.451984126883273
704,487.189,447.37012987012986,6.5315928515132375
705,487.604,446.9025974025974,6.381557722671283
706,488.019,446.22727272727275,7.042102260709878
707,488.433,447.03246753246754,6.6940745567272915
708,488.848,450.9220779220779,6.818169449586802
709,489.263,445.34415584415586,6.264080109008525
710,489.678,448.2597402597403,6.709951124142352
711,490.092,448.6168831168831,6.305221554907344
712,490.507,448.05194805194805,6.416083896640528
713,490.922,447.46753246753246,6.865279509419288
714,491.337,448.5,7.1905872816165335
715,491.752,448.57142857142856,6.719671782778873
716,492.167,446.8766233766234,7.392807949462459
717,492.582,447.23376623376623,6.339724488864163
718,492.998,449.6233766233766,6.573340412821335
719,493.413,447.7987012987013,6.470090898546386
720,493.828,448.0194805194805,7.2965663328459165
721,494.243,447.64285714285717,7.169269349492027
722,494.659,448.9220779220779,6.02218028810991
723,495.074,447.1038961038961,6.923673703146846
724,495.489,447.9935064935065,6.145948674297618
725,495.905,447.54545454545456,6.578290652614216
726,496.32,446.6753246753247,6.564250995228026
727,496.736,449.2792207792208,6.705780364872227
728,497.152,446.0,6.7698721428967055
729,497.567,447.42857142857144,6.704192468931839
730,497.983,446.7987012987013,7.04473633301393
731,498.399,447.77272727272725,7.160064868813677
732,498.814,445.9155844155844,6.359318041831193
733,499.23,446.25324675324674,7.1419391381751876
734,499.646,447.42857142857144,6.657538586978359
735,500.062,448.2207792207792,6.544797431455689
736,500.478,448.6363636363636,7.029453971717562
737,500.894,447.97402597402595,6.029094019885906
738,501.31,446.45454545454544,6.761321346588256
739,501.726,446.61038961038963,6.812242310924444
740,502.142,446.34415584415586,6.837995329887024
741,502.559,447.4155844155844,6.9157276980461955
742,502.975,446.73376623376623,7.421487063322801
743,503.391,447.6818181818182,6.777258137554301
744,503.807,445.9935064935065,5.917722395808533
745,504.224,447.14935064935065,6.753337287105439
746,504.64,447.9935064935065,6.378226714079045
747,505.057,444.90909090909093,7.119904089135525
748,505.473,446.1233766233766,7.357589881078915
749,505.89,445.11038961038963,6.699061465871801
750,506.306,446.85714285714283,7.282275735557039
751,506.723,448.5,6.9228119052394215
752,507.14,447.72727272727275,6.803620815297329
753,507.556,446.9220779220779,5.979980093278408
754,507.973,447.06493506493507,6.408877086921236
755,508.39,446.961038961039,7.01101463365234
756,508.807,446.4935064935065,6.8549411065765655
757,509.224,448.038961038961,6.213603756905704
758,509.641,444.4155844155844,6.346797227584067
759,510.057,447.18831168831167,6.668173566130775
760,510.475,445.7792207792208,6.13616779732846
761,510.892,446.43506493506493,6.569236968357339
762,511.309,446.22727272727275,6.64647424088221
763,511.726,447.31168831168833,7.2232664127169075
764,512.143,445.3181818181818,7.146613534108526
765,512.56,448.1168831168831,6.909383843023518
766,512.978,449.012987012987,6.732347782324452
767,513.395,446.85064935064935,5.946495713162113
768,513.812,446.6038961038961,6.86457008724597
769,514.23,446.4935064935065,5.987266524197499
770,514.647,445.27272727272725,6.7016888037064
771,515.065,447.8051948051948,6.184477764677569
772,515.482,447.57142857142856,6.601708892161638
773,515.9,446.92857142857144,6.83678661404149
774,516.318,446.14285714285717,6.286894812400576
775,516.735,446.1753246753247,5.698180521729922
776,517.153,446.2142857142857,6.059193171734447
777,517.571,446.512987012987,7.124347327579362
778,517.989,448.1363636363636,6.6058496133746365
779,518.407,447.1363636363636,7.08672453951312
780,518.824,444.487012987013,6.9246754464590135
781,519.242,447.03246753246754,6.541991069853022
782,519.66,447.31168831168833,6.398578860600057
783,520.078,446.5779220779221,6.519483753297693
784,520.497,446.15584415584414,7.176919961345308
785,520.915,447.38961038961037,6.649198456050473
786,521.333,447.11038961038963,6.448156575706513
787,521.751,446.73376623376623,6.072123024385744
788,522.169,448.40909090909093,7.445571887504365
789,522.588,448.3051948051948,6.735569396266433
790,523.006,450.5844155844156,6.833551014198489
791,523.424,446.96753246753246,6.6551599268194295
792,523.843,446.05194805194805,6.213508751928204
793,524.261,446.8051948051948,6.294790592101903
794,524.68,447.09090909090907,6.223503456852083
795,525.098,445.61038961038963,7.210482708332693
796,525.517,444.987012987013,6.643996423866495
797,525.936,445.62987012987014,6.496703758321861
798,526.354,445.6168831168831,6.693860389074171
799,526.773,447.02597402597405,6.474673989634734
800,527.192,446.1753246753247,6.773835373981767
801,527.611,444.5779220779221,6.127204048215925
802,528.03,452.35064935064935,6.153377773215472
803,528.449,448.72727272727275,6.493025956245433
804,528.868,446.7142857142857,6.4129680768526365
805,529.287,445.83116883116884,6.82223750743549
806,529.706,447.1623376623377,6.264174347000611
807,530.125,447.5194805194805,7.063001072187686
808,530.544,446.1948051948052,6.68306438973737
809,530.963,446.2922077922078,6.812827210943557
810,531.382,446.461038961039,6.648047381411702
811,531.802,446.487012987013,6.360630750584872
812,532.221,444.65584415584414,6.467079340513136
813,532.64,445.04545454545456,6.890932220774666
814,533.06,446.487012987013,6.658884323098184
815,533.479,446.8181818181818,6.850400069324367
816,533.899,444.8766233766234,6.571611439373365
817,534.318,444.8831168831169,7.065507998159273
818,534.738,446.53246753246754,6.652964216972945
819,535.157,446.987012987013,6.458646688879906
820,535.577,445.3376623376623,6.053034850302051
821,535.997,445.9935064935065,6.044743077528971
822,536.416,446.64935064935065,6.479270108336688
823,536.836,445.5779220779221,7.348277002333206
824,537.256,446.6948051948052,7.224891966188131
825,537.676,446.40909090909093,6.910948998268663
826,538.096,445.22727272727275,7.104528213288484
827,538.516,446.961038961039,6.777429230357779
828,538.936,446.46753246753246,6.991803021803392
829,539.356,448.1948051948052,6.533706732273015
830,539.776,446.4155844155844,6.717588175247468
831,540.196,446.11038961038963,6.518267724934137
832,540.616,447.5,6.891788827782904
833,541.037,446.2207792207792,6.165727175330349
834,541.457,445.59090909090907,7.260114875449464
835,541.877,445.2077922077922,6.39569185830843
836,542.298,448.2207792207792,6.667664511818635
837,542.718,446.7402597402597,6.0461484947730755
838,543.138,449.14285714285717,7.139999428342744
839,543.559,445.02597402597405,6.364418186799809
840,543.979,445.7857142857143,7.234445280446175
841,544.4,445.16883116883116,6.685713781168305
842,544.821,445.26623376623377,6.221080842943956
843,545.241,445.7987012987013,6.78556515091197
844,545.662,445.487012987013,6.440776162176413
845,546.083,446.2987012987013,6.569439152690843
846,546.504,445.61038961038963,6.085229817034506
847,546.924,447.37012987012986,6.5890023471831904
848,547.345,447.85064935064935,6.4322467520799
849,547.766,447.2402597402597,5.96968009628787
850,548.187,445.1948051948052,7.058271303458081
851,548.608,446.18831168831167,6.114459635169993
852,549.029,448.4805194805195,6.087266653807406
853,549.45,444.96753246753246,6.868352825434937
854,549.871,446.1818181818182,7.114512829288523
855,550.293,446.27272727272725,6.46596757785156
856,550.714,445.7077922077922,6.594887162347439
857,551.135,447.65584415584414,6.286844510387586
858,551.556,444.35064935064935,6.1311769463272645
859,551.978,445.95454545454544,6.609065899665072
860,552.399,445.012987012987,6.545531848646792
861,552.821,444.92857142857144,6.9348612499880815
862,553.242,445.77272727272725,6.811490222813945
863,553.664,445.6753246753247,7.066367310896594
864,554.085,445.8246753246753,7.042665077092084
865,554.507,446.56493506493507,6.7409634795144076
866,554.928,447.38961038961037,6.243242256566516
867,555.35,447.0064935064935,6.233025524175458
868,555.772,444.9935064935065,6.980024144310145
869,556.194,446.11038961038963,7.120084714503775
870,556.616,446.14285714285717,6.884415461919706
871,557.037,444.5779220779221,5.793841857908071
872,557.459,443.6753246753247,6.764962365281629
873,557.881,443.9025974025974,6.413023964588225
874,558.303,443.77272727272725,6.807675888549771
875,558.725,446.31168831168833,6.6922318608573175
876,559.147,446.24675324675326,6.0809599467664475
877,559.569,444.35064935064935,6.700002391482873
878,559.992,444.27272727272725,6.539860524419963
879,560.414,447.2922077922078,6.604726096816215
880,560.836,443.65584415584414,7.115357334785557
881,561.258,446.46753246753246,6.126553692333863
882,561.681,445.012987012987,6.43346265452004
883,562.103,444.7402597402597,6.463489060996854
884,562.526,446.0194805194805,6.831431158856241
885,562.948,447.11038961038963,7.317087001386965
886,563.37,444.2142857142857,7.082963175602339
887,563.793,445.07142857142856,6.893538422693939
888,564.216,444.77272727272725,6.840029930131912
889,564.638,447.72727272727275,6.869160071977573
890,565.061,444.35064935064935,6.967953050086798
891,565.484,445.5584415584416,6.161239347609589
892,565.906,443.1818181818182,6.534081027660512
893,566.329,443.6038961038961,6.768355352005669
894,566.752,445.83116883116884,6.331538450749089
895,567.175,445.1753246753247,6.730559418754963
896,567.598,447.9415584415584,5.7414385873036515
897,568.021,444.73376623376623,6.262693300324133
898,568.444,446.16883116883116,7.096555955253327
899,568.867,443.0974025974026,6.507507632816275
900,569.29,446.1038961038961,7.075812863375999
901,569.713,444.31168831168833,7.027330209750809
902,570.136,445.47402597402595,6.5665405823846505
903,570.56,443.2792207792208,6.61903664788629
904,570.983,446.06493506493507,6.976468168971077
905,571.406,444.1038961038961,6.671483052446111
906,571.829,446.6233766233766,6.6626287878470585
907,572.253,444.8831168831169,6.6184983308277365
908,572.676,445.40909090909093,6.213322130778868
909,573.1,445.2402597402597,6.773760676224758
910,573.523,445.47402597402595,6.580370308874929
911,573.947,445.0584415584416,6.598147135613749
912,574.37,444.7792207792208,5.864538769351822
913,574.794,444.27272727272725,6.764376443241424
914,575.218,444.0064935064935,6.758829485657375
915,575.642,444.64935064935065,6.349693179551881
916,576.065,442.3051948051948,6.438851153958295
917,576.489,446.87012987012986,7.164759807559266
918,576.913,444.52597402597405,6.561594330280522
919,577.337,444.85064935064935,6.675972099585767
920,577.761,443.76623376623377,6.654548495999789
921,578.185,444.25324675324674,6.859973958066213
922,578.609,443.85714285714283,7.42182510846428
923,579.033,443.12987012987014,6.144051392656251
924,579.457,444.64935064935065,6.261127722508505
925,579.881,443.24675324675326,6.762493669307538
926,580.305,455.8766233766234,7.064938049082639
927,580.73,443.1233766233766,6.864484091697482
928,581.154,443.538961038961,7.290033328699321
929,581.578,444.2207792207792,6.65694320986055
930,582.003,444.6623376623377,7.237367659531394
931,582.427,444.88961038961037,6.559974746854793
932,582.851,443.64285714285717,6.546217874476172
933,583.276,445.43506493506493,6.7342170696553785
934,583.7,443.81168831168833,6.8202996092542225
935,584.125,445.56493506493507,6.69941393509204
936,584.55,446.3961038961039,7.338228342725843
937,584.974,446.7077922077922,7.01197984590798
938,585.399,444.77272727272725,6.36704454188496
939,585.824,446.3636363636364,6.0665338975486
940,586.248,443.24675324675326,6.396337921752005
941,586.673,443.45454545454544,6.342078512469199
942,587.098,444.2077922077922,6.327301516152275
943,587.523,446.1753246753247,6.487883929417892
944,587.948,444.83116883116884,7.215428270542235
945,588.373,443.4155844155844,6.470413482342869
946,588.798,443.5844155844156,6.6261007894119315
947,589.223,444.2012987012987,6.167973282794843
948,589.648,442.81168831168833,6.260336367585848
949,590.073,443.038961038961,6.41718787470503
950,590.498,444.1818181818182,6.639565141305824
951,590.924,444.18831168831167,6.665251508314159
952,591.349,445.7597402597403,6.697601038640244
953,591.774,443.7987012987013,6.402495323334717
954,592.2,445.09090909090907,6.548880777147647
955,592.625,444.0974025974026,6.305810019874249
956,593.05,442.88961038961037,6.417874479546696
957,593.476,445.4025974025974,7.229556470489264
958,593.901,443.3051948051948,6.80653612735288
959,594.327,444.4415584415584,7.337846222267783
960,594.753,443.7922077922078,6.670029230134477
961,595.178,445.512987012987,6.58336847126171
962,595.604,443.2792207792208,6.510228468916456
963,596.03,444.1363636363636,6.728566916579301
964,596.455,448.4805194805195,6.7335376734870875
965,596.881,442.31168831168833,6.655258130678876
966,597.307,443.1233766233766,6.702711141796475
967,597.733,443.512987012987,6.610928587727985
968,598.159,443.0844155844156,7.072859502462587
969,598.585,443.7142857142857,6.894110309338572
970,599.011,443.23376623376623,6.150485365486827
971,599.437,446.1233766233766,7.140817300232356
972,599.863,444.0064935064935,6.600370663781574
973,600.289,443.487012987013,6.307321053344374
974,600.715,444.7142857142857,6.908224240145479
975,601.142,445.96753246753246,6.9463798206391045
976,601.568,445.23376623376623,6.611473898775105
977,601.994,448.35714285714283,6.372300621703128
978,602.42,442.0779220779221,5.535637162885852
979,602.847,445.6623376623377,6.9648661702218675
980,603.273,444.90909090909093,6.889068732762255
981,603.7,442.95454545454544,6.586429288120717
982,604.126,443.2207792207792,6.630553788987698
983,604.553,443.7792207792208,6.717148777904454
984,604.979,443.2792207792208,6.773225318191979
985,605.406,443.5,6.339169104469839
986,605.833,444.61038961038963,6.3821094183212255
987,606.259,443.5844155844156,6.821186721885132
988,606.686,445.1168831168831,6.199023856910552
989,607.113,444.1818181818182,6.679542858468009
990,607.54,443.7922077922078,6.706921531101647
991,607.967,445.73376623376623,6.00220977466796
992,608.394,442.2597402597403,5.641687592695463
993,608.82,442.6753246753247,6.621377340221511
994,609.247,441.8051948051948,6.51678942751494
995,609.675,444.34415584415586,6.405537245562161
996,610.102,442.961038961039,5.886240964044347
997,610.529,445.2207792207792,6.20561826848169
998,610.956,443.012987012987,6.31837868915528
999,611.383,444.25324675324674,6.705843244099692
1000,611.81,444.04545454545456,6.117189861887192
1001,612.238,444.64935064935065,7.075228845394851
1002,612.665,447.6753246753247,6.853649247770782
1003,613.092,444.47402597402595,6.9461734321837
1004,613.52,442.8181818181818,6.950151400251845
1005,613.947,445.2987012987013,6.5941038895048285
1006,614.375,444.97402597402595,6.946874520942127
1007,614.802,441.7012987012987,6.835858347884044
1008,615.23,456.35064935064935,6.860892815639551
1009,615.657,443.3636363636364,6.632092559058895
1010,616.085,443.40909090909093,6.632871345837854
1011,616.513,443.0064935064935,6.101412177655769
1012,616.94,442.9220779220779,6.408732341711139
1013,617.368,443.53246753246754,6.501916631679419
1014,617.796,444.64285714285717,6.969021034147984
1015,618.224,442.75324675324674,7.005852551836494
1016,618.652,444.7402597402597,5.926832222382818
1017,619.08,444.2207792207792,6.955560938144637
1018,619.507,442.44805194805195,6.681086123491389
1019,619.935,443.5844155844156,7.10194897221269
1020,620.364,442.62987012987014,6.583086650900433
1021,620.792,442.96753246753246,7.384978462954134
1022,621.22,446.2012987012987,6.8956789313137605
1023,621.648,443.15584415584414,7.353883919602302
1024,622.076,444.1623376623377,6.712530228446081
1025,622.504,442.11038961038963,6.83151757047702
1026,622.933,442.3831168831169,6.041198440436128
1027,623.361,443.47402597402595,6.914316083924443
1028,623.789,443.93506493506493,6.178802603997003
1029,624.218,442.31168831168833,6.691261485436566
1030,624.646,442.9220779220779,6.730944693091794
1031,625.075,444.33116883116884,6.670399036726243
1032,625.503,442.14285714285717,7.480215091209659
1033,625.932,441.34415584415586,5.937313081273656
1034,626.36,441.8246753246753,6.630442500446618
1035,626.789,444.14935064935065,7.239665691080178
1036,627.218,442.31168831168833,6.890158123569116
1037,627.646,444.45454545454544,6.6918160029072125
1038,628.075,443.6233766233766,6.476809702553403
1039,628.504,443.55194805194805,6.201217106963039
1040,628.933,443.4805194805195,6.8653286441712105
1041,629.362,443.3766233766234,6.035692454359267
1042,629.791,442.9025974025974,5.668057548259619
1043,630.22,443.1168831168831,6.688765587926851
1044,630.649,442.3246753246753,6.371489985462242
1045,631.078,442.24675324675326,6.97426781365008
1046,631.507,444.33116883116884,7.044437056218795
1047,631.936,442.73376623376623,5.608484073944673
1048,632.365,441.7922077922078,5.962736368126916
1049,632.794,444.2987012987013,6.7939333806645035
1050,633.223,443.1623376623377,6.317848124555165
1051,633.653,443.12987012987014,6.0104900708864495
1052,634.082,445.012987012987,6.478723432244939
1053,634.511,441.9220779220779,6.351738147973484
1054,634.941,442.64935064935065,6.6922444622099775
1055,635.37,441.3636363636364,6.218758991972277
1056,635.8,442.2077922077922,6.551172517910038
1057,636.229,444.22727272727275,6.698054308754329
1058,636.659,442.3181818181818,6.78587584471814
1059,637.088,443.76623376623377,7.469237524145728
1060,637.518,442.8636363636364,6.300966924167825
1061,637.948,443.4155844155844,6.080308111961142
1062,638.377,441.5974025974026,6.987483690029963
1063,638.807,444.95454545454544,6.604151497443151
1064,639.237,442.2857142857143,6.322208111007329
1065,639.667,443.66883116883116,6.407235352911578
1066,640.097,443.31168831168833,6.801947277066563
1067,640.526,443.3961038961039,6.799941587954653
1068,640.956,443.14935064935065,6.492535641709117
1069,641.386,443.7012987012987,6.331871422886946
1070,641.816,444.11038961038963,6.731937534253189
1071,642.247,442.11038961038963,6.808666830154633
1072,642.677,443.05194805194805,6.880984722446936
1073,643.107,444.24675324675326,6.177369347545603
1074,643.537,440.7987012987013,6.359755641521803
1075,643.967,443.8961038961039,6.568489153179698
1076,644.397,441.43506493506493,6.450536396376518
1077,644.828,441.83116883116884,6.490557772046653
1078,645.258,442.84415584415586,6.718968951254379
1079,645.688,443.1233766233766,6.384160515019298
1080,646.119,442.7922077922078,6.8297243053210055
1081,646.549,444.57142857142856,6.563235999897652
1082,646.98,442.5194805194805,6.882332716909573
1083,647.41,445.1753246753247,7.151544304102926
1084,647.841,443.1948051948052,6.647016635819128
1085,648.271,442.3636363636364,7.13580525567993
1086,648.702,444.5779220779221,6.108098166754312
1087,649.133,441.96753246753246,6.27965053123184
1088,649.564,441.7597402597403,6.513776803377852
1089,649.994,443.1753246753247,6.559550504162908
1090,650.425,442.73376623376623,6.609754900255933
1091,650.856,442.6038961038961,6.938897355393449
1092,651.287,443.65584415584414,7.597316571829538
1093,651.718,441.96753246753246,6.8607852634202136
1094,652.149,444.6818181818182,6.293373700835721
1095,652.58,444.06493506493507,6.877098569603556
1096,653.011,441.12987012987014,6.390639765039983
1097,653.442,442.6363636363636,6.060108204659724
1098,653.873,445.0844155844156,7.21465976796892
1099,654.304,443.3246753246753,6.81469298494081
1100,654.735,445.81168831168833,6.171540758305161
1101,655.167,444.94805194805195,6.734088709732603
1102,655.598,444.18831168831167,6.139894538329744
1103,656.029,442.1753246753247,6.558560497828535
1104,656.46,443.1363636363636,6.913254896961777
1105,656.892,443.3636363636364,6.743749565740923
1106,657.323,447.7857142857143,6.892461801461151
1107,657.755,444.11038961038963,6.748315507285214
1108,658.186,443.961038961039,7.135864345650147
1109,658.618,442.96753246753246,6.376110884793298
1110,659.049,442.16883116883116,6.676966799889055
1111,659.481,444.961038961039,6.5711719060804725
1112,659.913,443.0844155844156,7.04065310088701
1113,660.344,444.06493506493507,6.737832057860998
1114,660.776,444.4805194805195,6.24002661834647
1115,661.208,443.5974025974026,6.86750250499387
1116,661.64,443.3051948051948,6.7797712121666445
1117,662.071,443.83116883116884,7.257602547517309
1118,662.503,444.85064935064935,6.64379650846383
1119,662.935,444.8831168831169,6.258446813611656
1120,663.367,443.77272727272725,5.8880494502184
1121,663.799,444.92857142857144,6.722811663320809
1122,664.231,444.68831168831167,6.38842244262602
1123,664.663,445.4805194805195,6.943389623980476
1124,665.095,441.40909090909093,6.781960062580496
1125,665.527,444.33116883116884,6.90478395686473
1126,665.96,442.6623376623377,7.547443688007647
1127,666.392,444.85064935064935,6.2634607955015795
1128,666.824,449.2207792207792,6.261868474777505
1129,667.256,446.37012987012986,6.483697136245818
1130,667.689,444.6363636363636,6.957027822821236
1131,668.121,442.0584415584416,7.123435816444204
1132,668.554,446.44805194805195,6.107311147456533
1133,668.986,442.3831168831169,6.708395643014908
1134,669.418,444.2402597402597,6.961914196769769
1135,669.851,445.0194805194805,7.22052519874589
1136,670.284,444.16883116883116,6.580969409904089
1137,670.716,444.12987012987014,7.002505394593811
1138,671.149,446.42857142857144,7.103919846110522
1139,671.581,443.6038961038961,7.052142376122431
1140,672.014,444.4155844155844,6.943838994614846
1141,672.447,444.5844155844156,7.015475748880735
1142,672.88,444.16883116883116,7.312864660509214
1143,673.313,443.9935064935065,7.340066839681825
1144,673.745,446.5844155844156,7.816649977212143
1145,674.178,446.5,7.400640547917492
1146,674.611,444.37012987012986,6.2157647278484465
1147,675.044,444.54545454545456,7.082162437659026
1148,675.477,448.3636363636364,7.471867742143207
1149,675.91,444.43506493506493,6.360312543038589
1150,676.343,444.0194805194805,6.697034407856218
1151,676.777,446.4935064935065,6.154131494999926
1152,677.21,443.7857142857143,6.538561227927314
1153,677.643,443.02597402597405,6.894330488339109
1154,678.076,444.2597402597403,6.584915065970218
1155,678.509,445.83116883116884,6.364272430443136
1156,678.943,443.61038961038963,6.830329314864871
1157,679.376,446.7857142857143,7.374019226631494
1158,679.809,443.35714285714283,5.8428317403315315
1159,680.243,445.5,6.371863883562591
1160,680.676,444.22727272727275,7.03841290337155
1161,681.11,446.3246753246753,6.220914783112027
1162,681.543,442.66883116883116,6.609767658848805
1163,681.977,442.7922077922078,6.316002480481284
1164,682.411,443.52597402597405,6.139290170006068
1165,682.844,443.53246753246754,6.7325231479184335
1166,683.278,448.0779220779221,6.069438523778631
1167,683.712,444.0,5.98591420178813
1168,684.145,444.9805194805195,6.843776943108466
1169,684.579,447.1818181818182,6.9314402707289045
1170,685.013,445.96753246753246,7.137261680847479
1171,685.447,444.94805194805195,6.5512883711508785
1172,685.881,445.65584415584414,6.450993953546974
1173,686.315,444.5194805194805,6.565574107913461
1174,686.749,444.93506493506493,6.364139921767549
1175,687.183,443.81168831168833,6.674986726500234
1176,687.617,444.34415584415586,6.912608346892712
1177,688.051,445.5779220779221,7.372097683405208
1178,688.485,444.9155844155844,7.354609208279552
1179,688.919,444.75324675324674,6.677459358511095
1180,689.353,443.987012987013,6.890598727107331
1181,689.788,444.06493506493507,6.6260753351009285
1182,690.222,443.038961038961,6.90085926974458
1183,690.656,444.038961038961,6.633135158991039
1184,691.091,449.1818181818182,6.616051462462722
1185,691.525,447.3961038961039,6.893832017485598
1186,691.959,444.93506493506493,6.745537557810755
1187,692.394,443.95454545454544,6.756757953348757
1188,692.828,444.8246753246753,6.570430728614451
1189,693.263,445.3181818181818,6.475432639063278
1190,693.697,444.1363636363636,6.381861656713573
1191,694.132,443.2857142857143,6.186195656264693
1192,694.567,443.04545454545456,6.75579684620213
1193,695.001,443.5064935064935,6.741273101512698
1194,695.436,444.93506493506493,6.824017292531616
1195,695.871,444.26623376623377,7.337895065841528
1196,696.306,444.06493506493507,6.225914969189325
1197,696.74,441.9935064935065,7.060496242122271
1198,697.175,443.22727272727275,6.468226766050213
1199,697.61,446.05194805194805,6.361197518347568
1200,698.045,445.07142857142856,7.055537700621968
1201,698.48,444.538961038961,6.4184526161291355
1202,698.915,444.5844155844156,6.668107169946129
1203,699.35,444.6233766233766,7.060111034480534
1204,699.785,441.9155844155844,6.903745735319264
1205,700.22,445.23376623376623,6.5522794762558565
1206,700.655,443.27272727272725,6.639387320420073
1207,701.091,441.46753246753246,6.902068983206836
1208,701.526,443.87012987012986,6.219681056988867
1209,701.961,445.4935064935065,6.474973552818427
1210,702.396,443.5974025974026,7.046708249218466
1211,702.832,444.2792207792208,6.113107859714511
1212,703.267,445.9805194805195,6.818110698454062
1213,703.702,444.6363636363636,6.619351973047905
1214,704.138,443.14935064935065,7.236974387106978
1215,704.573,442.97402597402595,6.547477011804204
1216,705.009,444.68831168831167,7.260925024715426
1217,705.444,444.9415584415584,6.229628632264945
1218,705.88,444.06493506493507,6.46938376466297
1219,706.316,445.31168831168833,6.917434664990256
1220,706.751,444.18831168831167,6.244758301208521
1221,707.187,442.7922077922078,6.7513109113532455
1222,707.623,443.05194805194805,6.276933869533451
1223,708.058,443.37012987012986,6.199027257898825
1224,708.494,443.2402597402597,7.017654170903925
1225,708.93,443.53246753246754,6.772910931254896
1226,709.366,446.47402597402595,7.445209435052372
1227,709.802,445.8051948051948,7.004708919003924
1228,710.238,445.5,6.34428877022476
1229,710.674,446.9025974025974,6.915791716910042
1230,711.11,446.1818181818182,6.091781290527219
1231,711.546,443.94805194805195,5.8629280036959495
1232,711.982,443.33116883116884,6.827232706305061
1233,712.418,444.44805194805195,6.641117696370217
1234,712.854,443.85064935064935,6.9082883285436045
1235,713.29,447.0779220779221,6.3415067113858266
1236,713.727,443.6948051948052,6.642374714299678
1237,714.163,442.38961038961037,6.9584216828053895
1238,714.599,444.66883116883116,6.706321106961543
1239,715.035,443.2207792207792,7.198707273240243
1240,715.472,445.487012987013,6.362672203662539
1241,715.908,443.6948051948052,6.8417434571517965
1242,716.345,443.5844155844156,6.625120727840238
1243,716.781,445.03246753246754,7.074206697912492
1244,717.218,444.72727272727275,6.04557660261512
1245,717.654,444.7922077922078,6.790630792071157
1246,718.091,444.038961038961,6.524562100928432
1247,718.527,443.45454545454544,6.227391220789416
1248,718.964,445.512987012987,6.448836614084437
1249,719.401,444.012987012987,6.128480472020386
1250,719.837,442.5064935064935,6.904023627563701
1251,720.274,457.95454545454544,7.416496975715086
1252,720.711,444.56493506493507,6.748665404066427
1253,721.148,443.3051948051948,7.095204089097575
1254,721.585,443.8246753246753,6.1392214880228515
1255,722.022,443.22727272727275,6.718382156125811
1256,722.458,442.66883116883116,6.392015306051354
1257,722.895,442.04545454545456,6.738473476492167
1258,723.332,443.1038961038961,6.860548642602662
1259,723.769,442.8961038961039,7.452158086423669
1260,724.207,444.3831168831169,6.332966777673598
1261,724.644,444.05194805194805,7.055247846753476
1262,725.081,445.23376623376623,6.863031218331654
1263,725.518,441.9220779220779,6.672810178795724
1264,725.955,445.12987012987014,6.5034469368985945
1265,726.392,443.6363636363636,6.872510819102261
1266,726.83,445.07142857142856,6.973146211650359
1267,727.267,442.88961038961037,7.272579427996332
1268,727.704,444.04545454545456,5.753983272020099
1269,728.142,442.94805194805195,6.714775535400112
1270,728.579,443.2857142857143,5.654229867885357
1271,729.017,443.487012987013,6.891776591289575
1272,729.454,446.40909090909093,6.270538861622038
1273,729.892,444.5064935064935,6.934055571275895
1274,730.329,445.9935064935065,7.269842308126272
1275,730.767,443.987012987013,6.603803521296139
1276,731.204,443.2077922077922,6.824017292531608
1277,731.642,443.95454545454544,6.587415106124814
1278,732.08,444.2792207792208,7.339182120509737
1279,732.517,441.25324675324674,6.8675424140839985
1280,732.955,443.6818181818182,7.056087493801993
1281,733.393,443.5064935064935,6.837868918081637
1282,733.831,444.56493506493507,6.6116046391836125
1283,734.269,443.2142857142857,6.618514257996457
1284,734.707,444.4805194805195,6.2337797618900845
1285,735.145,442.9155844155844,7.114053494737786
1286,735.582,443.38961038961037,6.854055286775687
1287,736.02,444.1948051948052,6.569387804878187
1288,736.459,443.1753246753247,6.734417431473875
1289,736.897,443.02597402597405,6.737131120854416
1290,737.335,443.42857142857144,6.3367175152656605
1291,737.773,443.0844155844156,7.014781516440372
1292,738.211,443.55194805194805,6.434527609369856
1293,738.649,446.4935064935065,6.770108818829208
1294,739.087,443.27272727272725,6.445851104244289
1295,739.526,443.8636363636364,5.9935768452766265
1296,739.964,444.27272727272725,6.442828215863458
1297,740.402,443.6818181818182,6.477437910857968
1298,740.841,442.5844155844156,5.868362565819609
1299,741.279,445.45454545454544,6.618638488597117
1300,741.718,445.84415584415586,7.389998392114362
1301,742.156,445.487012987013,6.391184079252944
1302,742.595,444.8766233766234,6.416626052460579
1303,743.033,443.35064935064935,6.808638961893096
1304,743.472,442.5194805194805,6.589267916710622
1305,743.91,443.85714285714283,6.980890959611209
1306,744.349,443.54545454545456,6.795807444252852
1307,744.788,444.0584415584416,6.5428031374889475
1308,745.226,442.43506493506493,5.849770030639482
1309,745.665,443.2857142857143,6.531357216321776
1310,746.104,446.1168831168831,6.64102563267684
1311,746.543,442.5844155844156,6.303679917525495
1312,746.982,443.2792207792208,5.914429584912894
1313,747.42,444.27272727272725,7.37869232006534
1314,747.859,444.7922077922078,6.396707071565786
1315,748.298,445.2857142857143,6.724363809732493
1316,748.737,446.44805194805195,6.435536696246086
1317,749.176,444.93506493506493,5.974703518890342
1318,749.615,445.1233766233766,7.525996436661948
1319,750.054,443.4935064935065,7.34691980095374
1320,750.494,444.5064935064935,7.053825298436796
1321,750.933,445.3636363636364,7.058952298753705
1322,751.372,443.94805194805195,7.196492839717592
1323,751.811,444.54545454545456,6.572365314888509
1324,752.25,443.92857142857144,6.698620853265767
1325,752.69,446.6753246753247,7.258566919561652
1326,753.129,447.4805194805195,6.198261988508711
1327,753.568,445.27272727272725,6.140426745262212
1328,754.008,444.512987012987,6.121324248744946
1329,754.447,446.9220779220779,7.0254938981831465
1330,754.887,445.85714285714283,6.962262443361439
1331,755.326,445.8181818181818,6.868386590499442
1332,755.766,446.6233766233766,7.1314903654271875
1333,756.205,446.5,6.762434434471027
1334,756.645,446.1948051948052,6.723749265315465
1335,757.084,447.16883116883116,6.583928873632709
1336,757.524,445.1233766233766,6.959369954015673
1337,757.964,446.1753246753247,6.668527667950572
1338,758.403,446.7142857142857,7.9419274425534105
1339,758.843,446.6363636363636,6.530466244783908
1340,759.283,451.02597402597405,6.728450982410581
1341,759.723,446.3961038961039,6.726974997172373
1342,760.162,447.4155844155844,6.936353788499951
1343,760.602,448.73376623376623,6.246081584972502
1344,761.042,448.0779220779221,6.53614572030375
1345,761.482,447.961038961039,7.48668351737878
1346,761.922,450.88961038961037,6.964251657350204
1347,762.362,454.2402597402597,7.538692568796055
1348,762.802,453.5974025974026,7.255557189948724
1349,763.242,457.24675324675326,6.7787978173274785
1350,763.682,460.14285714285717,6.440969286002554
1351,764.123,467.3246753246753,7.336869282508165
1352,764.563,481.2207792207792,7.729389647823424
1353,765.003,475.1753246753247,7.800377211061377
1354,765.443,478.87012987012986,7.381708965806017
1355,765.883,486.84415584415586,9.27790971625534
1356,766.324,493.27272727272725,9.635077101082354
1357,766.764,498.9935064935065,8.776811799670815
1358,767.204,507.2922077922078,9.221604590826345
1359,767.645,517.8766233766233,9.549140113649129
1360,768.085,526.3311688311688,10.140605783029962
1361,768.526,540.0974025974026,10.03938315001079
1362,768.966,547.1688311688312,11.287739121630583
1363,769.407,558.538961038961,11.943662731341691
1364,769.847,573.2857142857143,13.238920526145174
1365,770.288,588.3116883116883,14.697609789120131
1366,770.729,603.1103896103896,15.48084769328699
1367,771.169,621.4545454545455,14.984446875677849
1368,771.61,639.7077922077922,16.190796377369633
1369,772.051,658.9285714285714,16.282452965771476
1370,772.491,685.1298701298701,18.513842241106733
1371,772.932,710.8181818181819,21.687106273368904
1372,773.373,735.9090909090909,21.259180946081365
1373,773.814,764.2532467532468,25.97515338462311
1374,774.255,804.5649350649351,25.138299368208134
1375,774.696,825.9285714285714,26.959832349197676
1376,775.137,852.0909090909091,32.216669807093155
1377,775.577,888.3571428571429,32.90850728272242
1378,776.018,927.8116883116883,34.03717781739521
1379,776.46,960.6818181818181,36.732749205942675
1380,776.901,1000.5714285714286,40.6243253119371
1381,777.342,1039.844155844156,43.24246497985694
1382,777.783,1085.7662337662337,46.73589685291866
1383,778.224,1132.8701298701299,48.246216633676596
1384,778.665,1189.474025974026,51.50907095148426
1385,779.106,1246.857142857143,56.04096699243442
1386,779.548,1301.5974025974026,57.40927562962658
1387,779.989,1350.077922077922,61.06559518389025
1388,780.43,1405.948051948052,66.50063882202608
1389,780.872,1455.5974025974026,66.04421182307667
1390,781.313,1516.5389610389611,72.12229270769245
1391,781.754,1590.1883116883116,76.91475881210076
1392,782.196,1658.590909090909,81.5705903868341
1393,782.637,1732.0064935064936,86.14767574204453
1394,783.079,1802.7012987012988,88.41564545910266
1395,783.52,1875.2727272727273,93.40042775891874
1396,783.962,1966.1298701298701,99.2284980338867
1397,784.404,2051.935064935065,105.31879097050671
1398,784.845,2144.9025974025976,110.40473177562774
1399,785.287,2226.9220779220777,116.28455539861551
1400,785.729,2339.6493506493507,123.29605024522016
1401,786.17,2442.616883116883,129.31915608503164
1402,786.612,2549.155844155844,134.06371473558008
1403,787.054,2659.8636363636365,144.12057849321317
1404,787.496,2761.7272727272725,150.07678868816322
1405,787.938,2860.62987012987,154.49990338746616
1406,788.38,2951.2402597402597,161.22977292626388
1407,788.821,3042.935064935065,160.97276027226195
1408,789.263,3154.12987012987,170.48165919172177
1409,789.705,3259.4805194805194,176.88727134354946
1410,790.147,3404.6688311688313,184.85234736731167
1411,790.589,3545.935064935065,191.86205391241202
1412,791.032,3676.0779220779223,200.79564246279318
1413,791.474,3790.1623376623374,208.2476819153259
1414,791.916,3897.0064935064934,215.43982486915596
1415,792.358,4011.220779220779,223.66612544621074
1416,792.8,4121.396103896104,231.08840212180704
1417,793.242,4257.097402597403,230.28465641519955
1418,793.685,4435.883116883117,241.27044555183002
1419,794.127,4598.714285714285,259.27320280357213
1420,794.569,4750.896103896104,262.06931691431805
1421,795.012,4925.103896103896,274.6175420478539
1422,795.454,5105.519480519481,280.605195237963
1423,795.896,5279.909090909091,292.9126318842453
1424,796.339,5466.831168831169,301.72043061298183
1425,796.781,5611.642857142857,310.6154067179187
1426,797.224,5738.714285714285,317.7542690668436
1427,797.666,5798.292207792208,316.77670297809317
1428,798.109,5821.045454545455,317.47999918410017
1429,798.551,5845.967532467533,318.549827267812
1430,798.994,5896.5,319.62370834320933
1431,799.437,5939.571428571428,324.6227952311319
1432,799.879,5980.3441558441555,330.60961755383425
1433,800.322,5993.701298701299,323.42636267972256
1434,800.765,5971.337662337663,322.4994356338406
1435,801.208,5886.181818181818,313.799949809732
1436,801.65,5810.954545454545,305.6162252804382
1437,802.093,5712.123376623376,303.6132478313954
1438,802.536,5618.577922077922,296.7481065370841
1439,802.979,5548.75974025974,287.23862325746103
1440,803.422,5512.857142857143,285.97137783786343
1441,803.865,5478.558441558442,283.92753298541095
1442,804.308,5470.188311688312,285.35111134618046
1443,804.751,5501.2532467532465,282.10241673622653
1444,805.194,5582.928571428572,288.84337433626405
1445,805.637,5710.675324675325,288.3286338181487
1446,806.08,5858.909090909091,302.5414936366593
1447,806.523,5988.3441558441555,309.91000746278934
1448,806.967,6084.681818181818,315.9074479075279
1449,807.41,6172.6558441558445,314.2703852787412
1450,807.853,6171.071428571428,316.3315108680907
1451,808.296,6181.766233766234,320.88307115419457
1452,808.74,6136.883116883117,321.6048827739581
1453,809.183,6044.75974025974,319.22930843856784
1454,809.626,5986.337662337663,318.68311054272186
1455,810.07,5886.87012987013,314.9321242331578
1456,810.513,5791.74025974026,313.91916829545346
1457,810.956,5744.012987012987,310.6788542541769
1458,811.4,5767.818181818182,324.12310180542045
1459,811.843,5718.292207792208,318.5783543515778
1460,812.287,5701.714285714285,323.8946781334808
1461,812.73,5691.175324675325,329.8567995695968
1462,813.174,5734.025974025974,335.1041696549823
1463,813.618,5725.954545454545,336.3028038181694
1464,814.061,5760.616883116883,344.5729749118983
1465,814.505,5768.058441558442,347.2807210053372
1466,814.949,5739.512987012987,352.2685891791186
1467,815.392,5679.915584415585,347.8250036063384
1468,815.836,5646.720779220779,355.3773099472824
1469,816.28,5584.350649350649,357.90404526417615
1470,816.724,5493.564935064935,354.0283744832913
1471,817.168,5459.448051948052,357.7855782849172
1472,817.612,5353.75974025974,354.0761906267685
1473,818.055,5259.175324675325,351.38119185370607
1474,818.499,5128.688311688312,354.2459619412692
1475,818.943,5013.058441558442,345.16384660066683
1476,819.387,4942.298701298701,348.9969324069801
1477,819.831,4846.051948051948,352.21110095944204
1478,820.275,4742.064935064935,340.81256369982185
1479,820.719,4621.8441558441555,335.8433681351938
1480,821.164,4459.24025974026,332.58138453646546
1481,821.608,4282.909090909091,322.7934960407141
1482,822.052,4091.116883116883,311.1074259708069
1483,822.496,3905.025974025974,297.80033291853266
1484,822.94,3730.779220779221,284.5436365949264
1485,823.385,3557.1753246753246,278.53576172541926
1486,823.829,3380.103896103896,267.127144415392
1487,824.273,3169.883116883117,254.42703513672996
1488,824.718,2957.785714285714,240.99382878033217
1489,825.162,2751.6688311688313,225.89067736277445
1490,825.606,2584.1753246753246,217.2984999773976
1491,826.051,2437.2337662337663,211.3860195222282
1492,826.495,2305.6233766233768,205.06723882801575
1493,826.94,2173.383116883117,193.95414500420193
1494,827.384,2051.6753246753246,193.35687626490176
1495,827.829,1942.3181818181818,190.8064465866703
1496,828.273,1843.8636363636363,187.9840442310947
1497,828.718,1765.3961038961038,188.22932334426153
1498,829.163,1698.3636363636363,189.83885231036646
1499,829.607,1622.6233766233765,188.71393447205506
1500,830.052,1545.409090909091,185.88341597070948
1501,830.497,1471.9025974025974,183.14999067475426
1502,830.941,1405.3896103896104,176.47126662435463
1503,831.386,1344.2142857142858,171.01769348295528
1504,831.831,1303.0324675324675,169.08744448043527
1505,832.276,1269.409090909091,161.97448947914822
1506,832.721,1216.8181818181818,153.58416849492863
1507,833.165,1161.6233766233765,141.76989211633176
1508,833.61,1114.6363636363637,135.25468127778825
1509,834.055,1067.655844155844,125.75101042015525
1510,834.5,1015.9025974025974,112.53332952060809
1511,834.945,954.6428571428571,101.76275430266864
1512,835.39,899.8701298701299,87.0795054912837
1513,835.835,850.1948051948052,75.39989303120988
1514,836.28,803.7857142857143,64.32354947216133
1515,836.726,760.8896103896104,56.313427349507
1516,837.171,728.5,48.78008562156029
1517,837.616,698.1168831168832,43.23898374106825
1518,838.061,673.0974025974026,37.45105368110393
1519,838.506,653.3636363636364,33.23271314744699
1520,838.952,635.525974025974,29.50064891470924
1521,839.397,620.6688311688312,28.331996320713973
1522,839.842,610.2207792207793,25.315732686824152
1523,840.287,596.4675324675325,22.255648292608118
1524,840.733,586.9350649350649,20.044649940309494
1525,841.178,571.9805194805194,19.070093121906652
1526,841.624,560.3051948051948,17.56003724594382
1527,842.069,548.0974025974026,15.593775598274588
1528,842.515,538.3636363636364,14.409961463316337
1529,842.96,529.012987012987,13.237092224437847
1530,843.406,521.012987012987,11.275180773156752
1531,843.851,511.538961038961,10.71237487879959
1532,844.297,506.2792207792208,9.861703939361606
1533,844.742,500.512987012987,9.400357145043843
1534,845.188,496.34415584415586,10.414388068093848
1535,845.634,488.8766233766234,9.40249201706027
1536,846.079,486.2597402597403,8.636080456249868
1537,846.525,482.7207792207792,10.421317284214581
1538,846.971,481.7987012987013,8.065784613430857
1539,847.416,478.5844155844156,8.155709735016016
1540,847.862,476.6233766233766,8.886790081298416
1541,848.308,473.12987012987014,8.364039677296699
1542,848.754,471.0,8.86917908615773
1543,849.2,468.75324675324674,8.226747387362547
1544,849.646,468.74675324675326,8.349167225220565
1545,850.092,466.3766233766234,7.373238660091933
1546,850.538,468.52597402597405,8.341103085003203
1547,850.984,464.8376623376623,8.487937031741893
1548,851.43,463.6233766233766,8.511320133598336
1549,851.876,464.2012987012987,7.4007544983294595
1550,852.322,464.9155844155844,8.138374146558236
1551,852.768,460.35064935064935,8.474202615465016
1552,853.214,457.987012987013,7.808575882420533
1553,853.66,458.8051948051948,7.6252127260749365
1554,854.106,457.97402597402595,7.700521193313866
1555,854.553,457.7922077922078,7.654618608052554
1556,854.999,457.57142857142856,8.510388718560504
1557,855.445,455.02597402597405,6.765984490759304
1558,855.891,456.1753246753247,7.406677503971177
1559,856.338,456.6623376623377,6.611894809878123
1560,856.784,454.0064935064935,7.901583560871726
1561,857.23,456.2142857142857,7.147758058931254
1562,857.677,452.2207792207792,7.291915780948881
1563,858.123,453.77272727272725,6.89016118341306
1564,858.57,454.46753246753246,7.237321050582568
1565,859.016,454.4415584415584,7.7442790052734845
1566,859.462,453.1233766233766,7.0539000192469
1567,859.909,452.1948051948052,6.855728405868926
1568,860.356,450.54545454545456,6.885040162565626
1569,860.802,451.6753246753247,6.596814576515212
1570,861.249,452.62987012987014,6.94500782932369
1571,861.695,449.2987012987013,7.265940711103488
1572,862.142,450.5,7.138927490476823
1573,862.589,450.9415584415584,7.737777973092162
1574,863.035,452.34415584415586,6.968742708462665
1575,863.482,449.2142857142857,7.697161127640556
1576,863.929,448.02597402597405,7.3041067010705705
1577,864.376,447.3376623376623,6.842590816407872
1578,864.822,448.87012987012986,6.794479518784758
1579,865.269,446.73376623376623,7.125992487532272
1580,865.716,447.09090909090907,7.404249075251243
1581,866.163,449.61038961038963,7.323961464707158
1582,866.61,449.37012987012986,7.092113141673818
1583,867.057,446.7792207792208,6.939672091926556
1584,867.504,445.6233766233766,7.775317191573823
1585,867.951,446.76623376623377,6.750461463583608
1586,868.398,445.42857142857144,7.134930666903594
1587,868.845,446.43506493506493,6.622399342212109
1588,869.292,445.961038961039,7.103943588245587
1589,869.739,447.2207792207792,6.775861236530092
1590,870.186,446.83116883116884,6.4865547203679075
1591,870.633,445.512987012987,7.29546827225776
1592,871.081,446.487012987013,6.831208952526491
1593,871.528,446.55194805194805,6.965631965057161
1594,871.975,445.59090909090907,7.956548912821761
1595,872.422,444.8181818181818,6.443011461592697
1596,872.869,444.2922077922078,7.164962842070493
1597,873.317,443.5974025974026,6.550026747758888
1598,873.764,442.9025974025974,6.190450836989825
1599,874.211,444.61038961038963,7.20597847778008
1600,874.659,444.3376623376623,7.10242393160011
1601,875.106,444.6753246753247,7.075550657184082
1602,875.554,444.5974025974026,5.813686807221455
1603,876.001,443.65584415584414,7.151768349238332
1604,876.449,442.987012987013,6.350158002929452
1605,876.896,442.40909090909093,6.557055916372595
1606,877.344,444.7142857142857,6.882798326370185
1607,877.791,445.3636363636364,6.398881986172534
1608,878.239,444.53246753246754,6.808292147317971
1609,878.686,442.7207792207792,6.2142450025129
1610,879.134,443.26623376623377,6.261656359218204
1611,879.582,442.94805194805195,6.858298800639982
1612,880.029,444.7077922077922,6.900898985926775
1613,880.477,443.2792207792208,6.646448864596653
1614,880.925,442.2207792207792,6.952759662557199
1615,881.372,443.8376623376623,7.063230910778098
1616,881.82,441.94805194805195,6.85545778193541
1617,882.268,442.3961038961039,7.501011906774263
1618,882.716,442.45454545454544,6.485839629722538
1619,883.164,458.2922077922078,7.092089359934055
1620,883.612,443.1818181818182,6.557888622698725
1621,884.06,439.93506493506493,7.003408562213831
1622,884.507,441.2077922077922,5.913527662179978
1623,884.955,441.22727272727275,6.789528537151063
1624,885.403,447.4415584415584,6.9413002758353475
1625,885.851,442.26623376623377,6.444611368082107
1626,886.299,441.2012987012987,6.614014901598702
1627,886.747,442.7207792207792,7.31347870861647
1628,887.196,441.73376623376623,7.317513423192344
1629,887.644,439.3636363636364,7.5333183576799785
1630,888.092,443.8831168831169,7.5411839402115515
1631,888.54,442.4220779220779,6.257237334388335
1632,888.988,441.81168831168833,7.0478600238538665
1633,889.436,443.2922077922078,6.965523003340745
1634,889.884,441.25324675324674,7.124643247675304
1635,890.333,442.512987012987,7.114314281863716
1636,890.781,441.04545454545456,6.526012793061826
1637,891.229,441.54545454545456,6.917971053328218
1638,891.678,441.75324675324674,7.2239785493846815
1639,892.126,443.0194805194805,6.454104482048993
1640,892.574,440.87012987012986,6.946643867515782
1641,893.023,440.84415584415586,6.788196277582528
1642,893.471,440.65584415584414,7.129944053741157
1643,893.92,443.0974025974026,7.095608190364098
1644,894.368,442.2207792207792,7.662733866049758
1645,894.816,441.14285714285717,6.20162166834242
1646,895.265,440.88961038961037,6.760813069054434
1647,895.714,441.40909090909093,6.534239128753675
1648,896.162,439.33116883116884,6.412300673902856
1649,896.611,443.6233766233766,7.618397010789014
1650,897.059,440.7792207792208,6.320700636454165
1651,897.508,438.35064935064935,6.528193071068666
1652,897.957,450.7012987012987,6.6480442101319115
1653,898.405,443.0064935064935,6.381280205033515
1654,898.854,439.7792207792208,5.97532453419217
1655,899.303,441.35064935064935,7.59146176873308
1656,899.751,443.40909090909093,7.0679573606152895
1657,900.2,440.81168831168833,7.3154963440626
1658,900.649,442.07142857142856,6.658757677175187
1659,901.098,441.84415584415586,6.820642722247204
1660,901.547,439.8246753246753,7.0103199594274574
1661,901.995,440.26623376623377,6.551536161483312
1662,902.444,440.7012987012987,6.97316737562206
1663,902.893,449.2142857142857,7.202059847587872
1664,903.342,439.22727272727275,5.970188632048671
1665,903.791,439.8961038961039,6.630477477046516
1666,904.24,439.6363636363636,6.693491878691285
1667,904.689,440.16883116883116,6.656512478324774
1668,905.138,442.4415584415584,6.913178655994758
1669,905.587,439.45454545454544,6.661666759465507
1670,906.036,441.03246753246754,5.927504491411125
1671,906.485,439.15584415584414,6.455773485833274
1672,906.934,439.8181818181818,6.07042494656488
1673,907.384,440.92857142857144,6.641181187828957
1674,907.833,438.6818181818182,7.207233510580396
1675,908.282,440.18831168831167,6.721519502488327
1676,908.731,440.8051948051948,6.441623899960669
1677,909.18,439.5974025974026,6.935247334534078
1678,909.63,443.4805194805195,6.867220064804368
1679,910.079,440.038961038961,6.7908294894163115
1680,910.528,440.6753246753247,6.760161295319937
1681,910.978,439.0,6.337888541843503
1682,911.427,440.5779220779221,7.073622547321855
1683,911.876,441.7792207792208,7.21402561865296
1684,912.326,438.012987012987,6.50473055930697
1685,912.775,442.65584415584414,6.953817852730926
1686,913.225,438.09090909090907,7.246462313202946
1687,913.674,438.90909090909093,6.76830239833977
1688,914.123,440.22727272727275,6.806721971004465
1689,914.573,451.0584415584416,6.710369000041236
1690,915.022,439.2987012987013,6.809208690347183
1691,915.472,439.76623376623377,6.602628567267842
1692,915.922,440.0584415584416,6.176239570612326
1693,916.371,439.538961038961,7.165151158792962
1694,916.821,439.0779220779221,7.055929133854738
1695,917.27,439.6818181818182,6.630022766855333
1696,917.72,438.1948051948052,6.716985565856245
1697,918.17,438.37012987012986,7.548072170403981
1698,918.62,438.42857142857144,6.253162465211227
1699,919.069,442.1948051948052,6.752659814653825
1700,919.519,436.4935064935065,6.711346036867807
1701,919.969,439.26623376623377,6.539631634838416
1702,920.419,439.92857142857144,6.986171073690649
1703,920.868,437.6623376623377,6.561616821680125
1704,921.318,440.02597402597405,6.263632459183799
1705,921.768,438.5584415584416,6.66546343220523
1706,922.218,440.7987012987013,7.141773825759954
1707,922.668,440.7857142857143,6.460634327863428
1708,923.118,440.23376623376623,7.082805416551407
1709,923.568,439.35064935064935,6.59253066866623
1710,924.018,438.85064935064935,7.097450125195836
1711,924.468,440.2402597402597,6.281342393963045
1712,924.918,439.6623376623377,7.117949488788552
1713,925.368,441.16883116883116,6.975658228779759
1714,925.818,439.74675324675326,6.829616262262627
1715,926.268,439.1363636363636,6.61567224432952
1716,926.718,439.5844155844156,6.920420844028086
1717,927.168,437.42857142857144,6.688677332080701
1718,927.618,441.9805194805195,6.835232236737824
1719,928.068,440.6363636363636,7.643703955117757
1720,928.519,440.15584415584414,7.327345925597817
1721,928.969,438.0064935064935,6.346587950512792
1722,929.419,437.987012987013,7.206587005827278
1723,929.869,441.3961038961039,6.3842529805041215
1724,930.32,439.05194805194805,6.9317565920801645
1725,930.77,438.43506493506493,7.086593639497594
1726,931.22,437.73376623376623,7.060997876383228
1727,931.67,437.8636363636364,7.035225083226883
1728,932.121,438.05194805194805,6.7263700943861275
1729,932.571,439.83116883116884,6.554274103472027
1730,933.022,442.22727272727275,6.3302230395788275
1731,933.472,438.97402597402595,6.310111502038331
1732,933.922,439.2142857142857,7.059086697957208
1733,934.373,440.7922077922078,6.836376465467767
1734,934.823,439.56493506493507,6.415206492891148
1735,935.274,436.7987012987013,6.979915407266455
1736,935.724,437.59090909090907,6.9081296323758705
1737,936.175,439.538961038961,6.935821861508979
1738,936.626,438.65584415584414,6.785565150911975
1739,937.076,438.8636363636364,6.454705503777524
1740,937.527,439.6038961038961,6.855104109555302
1741,937.977,437.40909090909093,6.399689152722639
1742,938.428,438.09090909090907,6.639476231458259
1743,938.879,438.6753246753247,6.849858389742155
1744,939.329,439.47402597402595,7.12886764650623
1745,939.78,438.14935064935065,7.319944705217017
1746,940.231,438.14935064935065,6.617354659924678
1747,940.682,439.4220779220779,7.304848476639024
1748,941.132,438.68831168831167,7.228658225909303
1749,941.583,439.37012987012986,6.799495109886276
1750,942.034,440.14285714285717,6.396456579372649
1751,942.485,438.9935064935065,6.6902689104484905
1752,942.936,437.43506493506493,7.152263582002037
1753,943.386,439.16883116883116,6.264520995986711
1754,943.837,438.2597402597403,6.8838274565837025
1755,944.288,438.9415584415584,6.912474149677606
1756,944.739,440.1233766233766,6.391276443124684
1757,945.19,437.8831168831169,6.342956060366565
1758,945.641,439.15584415584414,6.0357483424704395
1759,946.092,437.93506493506493,6.397722123725516
1760,946.543,436.12987012987014,6.219681056988867
1761,946.994,439.6038961038961,6.3954314367314495
1762,947.445,441.7077922077922,6.470638303963404
1763,947.896,436.3766233766234,6.344112642583766
1764,948.347,437.6363636363636,7.102055840844244
1765,948.799,438.0779220779221,6.780924799522945
1766,949.25,437.16883116883116,6.479543429086503
1767,949.701,436.7857142857143,6.863194029167737
1768,950.152,437.73376623376623,6.24400201314498
1769,950.603,436.8766233766234,6.037037118474849
1770,951.054,439.8246753246753,6.361545508618351
1771,951.506,439.37012987012986,6.250144204779303
1772,951.957,438.96753246753246,6.669779520070241
1773,952.408,436.8051948051948,7.004708919003924
1774,952.859,437.6753246753247,7.3801093829953155
1775,953.311,436.87012987012986,7.04134478255184
1776,953.762,438.14935064935065,6.558213317360612
1777,954.213,437.6168831168831,6.50494123070376
1778,954.665,438.57142857142856,7.199257846722764
1779,955.116,437.1753246753247,6.7623221986210185
1780,955.568,435.95454545454544,6.54984971483277
1781,956.019,436.5194805194805,6.656917873482882
1782,956.47,435.22727272727275,7.031951870386913
1783,956.922,437.1818181818182,6.279687461672975
1784,957.373,436.6818181818182,7.035812421780059
1785,957.825,437.3831168831169,6.645179926763878
1786,958.276,436.0844155844156,6.918778605052425
1787,958.728,438.64285714285717,7.162926351335518
1788,959.18,439.06493506493507,6.451291348305282
1789,959.631,437.46753246753246,6.170908741061095
1790,960.083,439.3961038961039,6.783688257785439
1791,960.534,438.94805194805195,6.45040239134648
1792,960.986,435.55194805194805,6.88405102703023
1793,961.438,438.59090909090907,6.447201785415549
1794,961.889,435.3181818181818,6.668110331684199
1795,962.341,436.61038961038963,7.237449224469571
1796,962.793,437.3246753246753,6.384725194060966
1797,963.244,436.5064935064935,6.914361821080454
1798,963.696,438.5064935064935,6.520942041384872
1799,964.148,436.03246753246754,6.629742929698019
1800,964.6,435.1753246753247,6.35337431246784
1801,965.052,434.90909090909093,6.902252254629698
1802,965.503,436.4155844155844,6.881842567655184
1803,965.955,437.34415584415586,6.571662769811626
1804,966.407,437.987012987013,6.654738584137465
1805,966.859,436.57142857142856,7.448400109617498
1806,967.311,435.47402597402595,6.1572447581943965
1807,967.763,436.461038961039,6.287622469833671
1808,968.215,438.1948051948052,6.948865105954522
1809,968.667,437.5779220779221,6.489534499477001
1810,969.119,436.11038961038963,6.83056698252416
1811,969.571,435.9220779220779,6.226808888105775
1812,970.023,437.75324675324674,6.8046123474341345
1813,970.475,435.92857142857144,6.550609313244689
1814,970.927,434.59090909090907,6.306679242648832
1815,971.379,435.7207792207792,6.624920242839445
1816,971.831,436.26623376623377,6.731436433988951
1817,972.283,437.1623376623377,5.8024522124867115
1818,972.735,437.8181818181818,6.457105766210822
1819,973.187,435.8246753246753,6.435628423570944
1820,973.639,435.0194805194805,6.624894783992508
1821,974.092,434.27272727272725,6.537874398678253
1822,974.544,434.73376623376623,7.427609260184385
1823,974.996,437.2402597402597,7.248873799501998
1824,975.448,436.87012987012986,6.283043867654749
1825,975.9,435.88961038961037,6.9661162187318615
1826,976.353,437.55194805194805,7.180458878900925
1827,976.805,435.4025974025974,6.7299673688634805
1828,977.257,437.0779220779221,7.013467996973927
1829,977.71,436.9415584415584,6.576460395797548
1830,978.162,437.1753246753247,6.8756422291606425
1831,978.614,436.33116883116884,7.160547750582992
1832,979.067,435.6948051948052,7.427859038586811
1833,979.519,436.0844155844156,6.430397877756139
1834,979.971,435.84415584415586,7.016797906369362
1835,980.424,436.0064935064935,6.8807058997263635
1836,980.876,435.05194805194805,6.524471623919237
1837,981.329,434.8766233766234,6.366845864378392
1838,981.781,435.05194805194805,6.394795172325902
1839,982.234,435.6038961038961,6.33934204374927
1840,982.686,435.53246753246754,6.4779033316051535
1841,983.139,437.7987012987013,6.985495055507354
1842,983.591,433.1623376623377,6.917388948151618
1843,984.044,432.1168831168831,6.66445119762754
1844,984.496,436.12987012987014,6.722419650479995
1845,984.949,434.2142857142857,6.410182935690423
1846,985.402,435.92857142857144,7.066573172390003
1847,985.854,435.7207792207792,6.5658470470125225
1848,986.307,433.03246753246754,6.724078492523799
1849,986.76,434.5584415584416,6.639107877976963
1850,987.212,435.3181818181818,6.680757933374383
1851,987.665,432.45454545454544,5.936997042638438
1852,988.118,434.0974025974026,6.342773247900238
1853,988.57,436.1038961038961,6.834945378484594
1854,989.023,435.11038961038963,6.532199653695241
1855,989.476,436.0844155844156,6.833788569812501
1856,989.929,434.2597402597403,6.383628812489958
1857,990.381,435.23376623376623,6.910177143398387
1858,990.834,435.22727272727275,6.443080177397535
1859,991.287,433.77272727272725,6.910863579837637
1860,991.74,435.012987012987,5.777235906046856
1861,992.193,434.62987012987014,6.182244474006219
1862,992.646,433.6233766233766,6.870866334228178
1863,993.099,435.2012987012987,5.903311716525377
1864,993.551,434.0779220779221,6.571813550655365
1865,994.004,434.6363636363636,6.580982224303579
1866,994.457,436.11038961038963,6.726147551694417
1867,994.91,435.2922077922078,6.705227002244405
1868,995.363,434.1363636363636,5.6373847001405695
1869,995.816,435.038961038961,6.629218203189199
1870,996.269,434.7012987012987,6.164550804808346
1871,996.722,433.7857142857143,6.6018142780998605
1872,997.175,441.8181818181818,6.262083949893482
1873,997.628,434.07142857142856,6.943283349645855
1874,998.081,434.94805194805195,6.847875969671373
1875,998.534,434.15584415584414,7.392633987586148
1876,998.988,435.5194805194805,6.616803461024692
1877,999.441,434.2077922077922,5.740803288598275
1878,999.894,434.4415584415584,6.748724759756336
1879,1000.347,434.461038961039,6.392094464870856
1880,1000.8,432.55194805194805,6.287528583283984
1881,1001.253,434.5779220779221,6.655514721020484
1882,1001.707,434.26623376623377,6.397079495771766
1883,1002.16,432.4220779220779,7.053397880189789
1884,1002.613,433.14285714285717,6.040371291835315
1885,1003.066,432.4220779220779,5.958495482041806
1886,1003.519,432.75324675324674,7.145347853820686
1887,1003.973,433.5844155844156,7.200019208759819
1888,1004.426,433.9805194805195,6.596408683696588
1889,1004.879,433.31168831168833,6.293182747835596
1890,1005.333,434.2142857142857,6.901876542975196
1891,1005.786,433.54545454545456,6.1960302635764055
1892,1006.239,432.68831168831167,6.627882348256562
1893,1006.693,436.68831168831167,6.863719298175668
1894,1007.146,434.4220779220779,6.656490307565045
1895,1007.599,435.2012987012987,6.333153202173943
1896,1008.053,432.26623376623377,5.849899774690572
1897,1008.506,432.81168831168833,6.320210296229446
1898,1008.96,434.88961038961037,6.506302327595445
1899,1009.413,433.4025974025974,6.550026747758887
1900,1009.867,433.5974025974026,6.724175689855612
1901,1010.32,434.04545454545456,6.551832210372068
1902,1010.774,433.11038961038963,6.930603774518682
1903,1011.227,432.7857142857143,6.123156267123524
1904,1011.681,432.6233766233766,6.685978662569651
1905,1012.134,431.96753246753246,6.318822460546495
1906,1012.588,433.42857142857144,6.040831996168817
1907,1013.041,433.15584415584414,7.354766870266678
1908,1013.495,430.90909090909093,6.394359970575163
1909,1013.949,433.4805194805195,5.828970169475352
1910,1014.402,431.5064935064935,6.572519287337646
1911,1014.856,434.02597402597405,6.760223668731187
1912,1015.31,433.9935064935065,6.773225318191974
1913,1015.763,434.5064935064935,6.92562224992521
1914,1016.217,456.7857142857143,8.246183127854222
1915,1016.671,434.73376623376623,7.19852276313185
1916,1017.124,433.9025974025974,6.526439215829357
1917,1017.578,432.65584415584414,6.360776590390161
1918,1018.032,434.7792207792208,6.604058918423559
1919,1018.485,462.52597402597405,7.283853386441099
1920,1018.939,432.012987012987,7.08665016480092
1921,1019.393,432.2077922077922,5.960557941150253
1922,1019.847,433.25324675324674,6.221623048264595
1923,1020.301,432.987012987013,6.5246655016883635
1924,1020.754,436.25324675324674,6.107863452312915
1925,1021.208,433.7857142857143,6.731361265731909
1926,1021.662,430.9415584415584,6.735481753696371
1927,1022.116,431.83116883116884,6.349972077661478
1928,1022.57,434.6168831168831,6.962047441001382
1929,1023.024,431.2987012987013,6.6889420961257375
1930,1023.478,436.3051948051948,6.816069555310454
1931,1023.932,433.1168831168831,6.52761173480503
1932,1024.386,434.8636363636364,6.024913839787213
1933,1024.839,431.1623376623377,6.308591111180222
1934,1025.293,434.14285714285717,6.815212711593617
1935,1025.747,438.2597402597403,6.442356988626032
1936,1026.201,434.2402597402597,6.916998818838114
1937,1026.655,432.73376623376623,6.9600363932025555
1938,1027.109,433.61038961038963,6.395322649894661
1939,1027.563,433.38961038961037,6.443875264127346
1940,1028.017,432.6948051948052,6.686221461302588
1941,1028.472,431.9025974025974,5.875073340818241
1942,1028.926,432.2012987012987,6.490132240193036
1943,1029.38,433.12987012987014,6.847789764475709
1944,1029.834,432.62987012987014,7.17313829297516
1945,1030.288,433.54545454545456,6.087128115087797
1946,1030.742,431.9155844155844,6.436453910669502
1947,1031.196,430.61038961038963,7.148982025718619
1948,1031.65,433.64285714285717,7.095524994925873
1949,1032.104,434.5584415584416,7.152319588311042
1950,1032.559,432.59090909090907,6.361015230131848
1951,1033.013,433.05194805194805,6.224993827558831
1952,1033.467,432.5779220779221,6.56118304537887
1953,1033.921,434.73376623376623,6.832924691627832
1954,1034.375,432.54545454545456,6.834871348593918
1955,1034.83,434.5064935064935,7.120709465279345
1956,1035.284,435.65584415584414,6.693066649191373
1957,1035.738,432.27272727272725,6.406442300652824
1958,1036.192,431.62987012987014,6.9655472172028
1959,1036.647,431.24675324675326,7.678872759799503
1960,1037.101,429.88961038961037,6.225796447575631
1961,1037.555,431.76623376623377,6.657475251517958
1962,1038.01,437.8376623376623,6.633710425987429
1963,1038.464,432.512987012987,6.725834098794489
1964,1038.918,432.16883116883116,6.917702864358077
1965,1039.373,434.6168831168831,6.235839076366411
1966,1039.827,432.0584415584416,7.190575553600637
1967,1040.282,434.59090909090907,6.252909594287523
1968,1040.736,431.43506493506493,5.999919182004754
1969,1041.19,431.9220779220779,6.592530668666226
1970,1041.645,434.33116883116884,6.35329467121495
1971,1042.099,434.4415584415584,6.382796493524874
1972,1042.554,434.15584415584414,6.772873577381545
1973,1043.008,431.0,6.487750695804293
1974,1043.463,431.93506493506493,6.359036238212549
1975,1043.917,435.2987012987013,6.5605371475226235
1976,1044.372,433.1233766233766,6.335150263265647
1977,1044.826,433.0844155844156,6.6008178347103215
1978,1045.281,432.46753246753246,6.328834068335988
1979,1045.735,433.16883116883116,7.334144657328002
1980,1046.19,432.83116883116884,6.994251066732093
1981,1046.644,432.61038961038963,6.444882887424665
1982,1047.099,433.5584415584416,6.800484143371482
1983,1047.553,432.73376623376623,6.682057976588966
1984,1048.008,432.59090909090907,7.218854854290948
1985,1048.463,432.8051948051948,6.206487935581484
1986,1048.917,430.7792207792208,7.281221848055941
1987,1049.372,431.3961038961039,6.765476563558755
1988,1049.827,433.1948051948052,6.740147135160293
1989,1050.281,430.72727272727275,5.985125205943033
1990,1050.736,432.35714285714283,6.602516808033968
1991,1051.191,433.0974025974026,6.250994186402257
1992,1051.645,435.15584415584414,6.521821383442723
1993,1052.1,433.02597402597405,6.5315896236913344
1994,1052.555,430.8051948051948,6.557515686221271
1995,1053.009,431.2987012987013,7.335317404874726
1996,1053.464,431.7857142857143,6.266758607991444
1997,1053.919,432.2142857142857,6.376666357936977
1998,1054.374,431.77272727272725,7.031951870386914
1999,1054.828,433.34415584415586,6.736583463071871
2000,1055.283,432.92857142857144,6.807279471517197
2001,1055.738,432.38961038961037,6.346398598644672
2002,1056.193,432.3831168831169,6.3319413448112805
2003,1056.648,432.1948051948052,6.147619032377154
2004,1057.102,431.8961038961039,5.927230613233497
2005,1057.557,432.81168831168833,6.93922548966071
2006,1058.012,430.9025974025974,7.123009615378353
2007,1058.467,432.4935064935065,6.944349055771852
2008,1058.922,431.3831168831169,6.582343612110867
2009,1059.377,431.4805194805195,7.2391618758807255
2010,1059.832,435.5064935064935,6.21293869155513
2011,1060.287,432.3246753246753,7.288919821709743
2012,1060.741,431.52597402597405,6.231672402685356
2013,1061.196,430.9220779220779,6.428964962374164
2014,1061.651,430.93506493506493,6.955027448829037
2015,1062.106,429.68831168831167,6.68446491318323
2016,1062.561,434.46753246753246,6.050833184196353
2017,1063.016,430.88961038961037,6.346654388425908
2018,1063.471,430.7857142857143,6.5136861765577105
2019,1063.926,430.84415584415586,7.383845010869588
2020,1064.381,432.9155844155844,6.052745753124357
2021,1064.836,433.1753246753247,6.149789476792817
2022,1065.291,429.2012987012987,6.577588740416216
2023,1065.746,430.0779220779221,6.704846538945635
2024,1066.201,431.92857142857144,6.654855802449174
2025,1066.656,430.68831168831167,7.08988623039843
2026,1067.111,430.4220779220779,6.570084175400665
2027,1067.566,431.56493506493507,6.459589996111306
2028,1068.021,431.59090909090907,5.975723220223856
2029,1068.477,432.8246753246753,6.185585586703179
2030,1068.932,430.62987012987014,5.939031468878451
2031,1069.387,429.7857142857143,6.4997145648759735
2032,1069.842,429.6363636363636,7.18839087697908
2033,1070.297,430.0844155844156,6.65860569888799
2034,1070.752,429.74675324675326,6.978223723965161
2035,1071.207,430.8831168831169,6.945004793644202
2036,1071.662,431.7012987012987,6.872805312158166
2037,1072.118,431.45454545454544,6.176085959602686
2038,1072.573,430.7012987012987,6.163497352321671
2039,1073.028,435.05194805194805,6.323315142147494
2040,1073.483,427.987012987013,6.924441008886249
2041,1073.938,431.1168831168831,6.704280520535121
2042,1074.394,430.61038961038963,7.051122861958761
2043,1074.849,430.76623376623377,6.555251892484737
2044,1075.304,0.0,0.0
2045,1075.759,0.0,0.0
2046,1076.215,0.0,0.0
